device_id,latitude,longitude,timestamp,sos
ESP32-01,18.57847314279621,73.87307935977586,2026-09-22 13:22:20,0
ESP32-01,18.526989924519675,73.85635370391347,2026-09-22 08:14:50,0
ESP32-01,18.51270372620254,73.85955013501008,2026-09-22 08:42:10,0
ESP32-01,18.511502515708276,73.85498491200816,2026-09-20 17:21:20,0
ESP32-01,18.47162069206605,73.77313007360308,2026-09-20 13:32:10,0
ESP32-01,18.523314674392278,73.85606377197183,2026-09-22 08:24:30,0
ESP32-01,18.531372812994462,73.85080986263496,2026-09-22 17:18:40,0
ESP32-01,18.537414315297834,73.84691826795682,2026-09-22 17:29:20,0
ESP32-01,18.557326611476487,73.90441604744703,2026-09-22 13:31:10,0
ESP32-01,18.52575835603796,73.85948825659484,2026-09-21 17:16:20,0
ESP32-01,18.513362325512084,73.8621776816097,2026-09-21 08:26:20,0
ESP32-01,18.524827177243523,73.85193121193444,2026-09-20 13:01:20,0
ESP32-01,18.514437466276668,73.85855441334031,2026-09-21 08:32:10,0
ESP32-01,18.528473901387432,73.86374913949047,2026-09-21 17:23:40,0
ESP32-01,18.51856704960815,73.85901011163908,2026-09-21 08:03:50,0
ESP32-01,18.513506127417465,73.85914220748074,2026-09-22 08:40:50,0
ESP32-01,18.514034667525966,73.85647463075746,2026-09-21 08:13:00,0
ESP32-01,18.52109544338712,73.85663371733882,2026-09-21 17:00:50,0
ESP32-01,18.499805820582566,73.94703335790223,2026-09-21 13:26:00,0
ESP32-01,18.51898346560313,73.81458929834798,2026-09-20 13:11:40,0
ESP32-01,18.501895172952246,73.94880868869318,2026-09-21 13:26:40,0
ESP32-01,18.52170476489978,73.85602323201682,2026-09-22 17:02:00,0
ESP32-01,18.530405044593266,73.85192551443585,2026-09-22 17:16:40,0
ESP32-01,18.535787192315514,73.84778358346814,2026-09-22 17:26:50,0
ESP32-01,18.512699359348613,73.86556257546567,2026-09-21 08:43:30,0
ESP32-01,18.49516129431828,73.92270215860329,2026-09-21 13:19:30,0
ESP32-01,18.514650477324516,73.86090947590432,2026-09-21 08:28:50,0
ESP32-01,18.49923419217783,73.79032484652461,2026-09-20 13:21:00,0
ESP32-01,18.534531286961606,73.8500901911688,2026-09-22 17:23:10,0
ESP32-01,18.465996540075448,73.77183446900503,2026-09-20 13:33:20,0
ESP32-01,18.507937925092065,73.85786081656579,2026-09-20 17:29:40,0
ESP32-01,18.51211796913157,73.86509311987655,2026-09-21 08:42:30,0
ESP32-01,18.527568987691577,73.86701515382616,2026-09-21 17:28:30,0
ESP32-01,18.52146811795854,73.8559283509184,2026-09-22 08:27:00,0
ESP32-01,18.52017280911988,73.85694207204973,2026-09-22 08:29:00,0
ESP32-01,18.55242986783099,73.85706297442194,2026-09-22 13:11:40,0
ESP32-01,18.48852035165508,73.77706471412229,2026-09-20 13:25:30,0
ESP32-01,18.526130989949106,73.85706534490856,2026-09-21 17:13:30,0
ESP32-01,18.526074057802358,73.85427121033159,2026-09-22 08:11:20,0
ESP32-01,18.51978846739262,73.85797227736494,2026-09-21 08:01:40,0
ESP32-01,18.568561242974095,73.9370962743212,2026-09-22 13:39:10,0
ESP32-01,18.530055584623067,73.85209439852572,2026-09-22 17:16:10,0
ESP32-01,18.545631114317903,73.93791542307233,2026-09-21 13:37:50,0
ESP32-01,18.51064514628404,73.85587494514192,2026-09-20 17:23:10,0
ESP32-01,18.520193342819947,73.85565816874939,2026-09-20 08:01:10,0
ESP32-01,18.499914875303435,73.85019234000687,2026-09-20 08:38:10,0
ESP32-01,18.515919083999123,73.85874542402898,2026-09-21 08:08:40,0
ESP32-01,18.502779056164528,73.90156298095799,2026-09-21 13:13:10,0
ESP32-01,18.499178134602587,73.85088175816185,2026-09-20 08:39:30,0
ESP32-01,18.502974434602912,73.94950864491969,2026-09-21 13:27:00,0
ESP32-01,18.52892345905823,73.85227155012844,2026-09-22 17:14:30,0
ESP32-01,18.515762048949206,73.85240141452809,2026-09-20 17:13:50,0
ESP32-01,18.514701031774973,73.85769354691784,2026-09-22 08:38:20,0
ESP32-01,18.519140121097696,73.85050019131216,2026-09-20 08:08:30,0
ESP32-01,18.54178481816977,73.8734680359309,2026-09-22 13:07:00,0
ESP32-01,18.502666686798637,73.84936181990768,2026-09-20 08:34:20,0
ESP32-01,18.525880151967588,73.85802443049606,2026-09-21 17:14:40,0
ESP32-01,18.51713216506445,73.849294480535,2026-09-20 08:11:50,0
ESP32-01,18.56500209414842,73.92953815509792,2026-09-22 13:37:10,0
ESP32-01,18.518878692912782,73.8026961504849,2026-09-20 13:15:10,0
ESP32-01,18.53218952325335,73.85089635048864,2026-09-22 17:19:50,0
ESP32-01,18.535403902266204,73.84889317809655,2026-09-22 17:25:10,0
ESP32-01,18.500903825897016,73.89460124689799,2026-09-21 13:11:20,0
ESP32-01,18.561690757018646,73.79640762160798,2026-09-20 13:19:20,0
ESP32-01,18.511654006787378,73.85494660033271,2026-09-20 17:21:10,0
ESP32-01,18.531648784349652,73.85085589663447,2026-09-22 17:19:00,0
ESP32-01,18.527925276355983,73.86247269322605,2026-09-21 17:21:50,0
ESP32-01,18.53185844525256,73.85093318646331,2026-09-22 17:19:20,0
ESP32-01,18.52196418999484,73.93806688451025,2026-09-21 13:32:10,0
ESP32-01,18.506442430927667,73.84944893669197,2026-09-20 08:28:40,0
ESP32-01,18.48948721748097,73.77512780866469,2026-09-20 13:26:00,0
ESP32-01,18.517272934642985,73.85576466520591,2026-09-22 08:33:40,0
ESP32-01,,73.85221081226571,2026-09-22 17:14:10,0
ESP32-01,18.522233929163335,73.85508346499303,2026-09-22 08:02:50,0
ESP32-01,18.52552681315151,73.8576395462531,2026-09-22 08:21:00,0
ESP32-01,18.571273752232177,73.87664988416945,2026-09-22 13:24:00,0
ESP32-01,18.496234863414003,73.85060918496906,2026-09-20 08:43:40,0
ESP32-01,18.496521944584945,73.92216316655936,2026-09-21 13:19:10,0
ESP32-01,18.646906716301427,73.85930582587365,2026-09-21 13:01:50,0
ESP32-01,18.517834603469336,73.85964600043303,2026-09-21 08:05:10,0
ESP32-01,18.505722493588245,73.84983872574726,2026-09-20 08:29:50,0
ESP32-01,18.520440064396205,73.85726074172216,2026-09-20 17:00:40,0
ESP32-01,,73.85341495357362,2026-09-22 13:14:20,0
ESP32-01,18.52702298040194,73.8559177897718,2026-09-22 08:14:20,0
ESP32-01,18.52081929906383,73.85611825164793,2026-09-20 13:00:00,0
ESP32-01,18.509996983895334,73.80231566516805,2026-09-20 13:17:20,0
ESP32-01,18.50944315417465,73.84674815089924,2026-09-20 08:23:20,0
ESP32-01,18.512866022120402,73.84779191889427,2026-09-20 08:18:20,0
ESP32-01,18.52700934795607,73.85605029825948,2026-09-22 08:14:30,0
ESP32-01,18.525234300687753,73.85735177609625,2026-09-22 08:21:30,0
ESP32-01,18.520368200055493,73.85633481772001,2026-09-20 08:00:20,0
ESP32-01,18.513030515636608,73.86393107504094,2026-09-21 13:03:00,0
ESP32-01,18.510645056430608,73.85670183174942,2026-09-20 17:24:30,0
ESP32-01,18.500982491044766,73.88874681197873,2026-09-21 13:10:00,0
ESP32-01,18.52722039442878,73.86734262954657,2026-09-21 17:29:10,0
ESP32-01,18.510565755899915,73.85677701204678,2026-09-20 17:24:40,0
ESP32-01,18.519849153764277,73.85783544615617,2026-09-21 08:01:30,0
ESP32-01,18.50327462331157,73.84923210051738,2026-09-20 08:33:20,0
ESP32-01,18.528363932763494,73.8636051557128,2026-09-21 17:23:20,0
ESP32-01,,73.8554123131105,2026-09-21 17:04:30,0
ESP32-01,18.442473969955895,73.76235028001032,2026-09-20 13:39:30,0
ESP32-01,18.441683891688125,73.76217330596371,2026-09-20 13:39:40,0
ESP32-01,18.52822835851367,73.863392368589,2026-09-21 17:23:00,0
ESP32-01,18.519125407521134,73.82430689406657,2026-09-20 13:09:10,0
ESP32-01,18.52920051892059,73.83757983170982,2026-09-20 13:05:00,0
ESP32-01,18.52341738293955,73.8554977664561,2026-09-21 17:04:20,0
ESP32-01,18.524791533133552,73.8535462267719,2026-09-22 08:09:20,0
ESP32-01,18.517971393025864,73.85955077130147,2026-09-21 08:05:00,0
ESP32-01,18.52222286797178,73.8551788790841,2026-09-22 17:03:10,0
ESP32-01,18.514928390428015,73.85994893257595,2026-09-21 08:30:10,0
ESP32-01,18.50940802814977,73.85837922812861,2026-09-20 17:27:20,0
ESP32-01,18.5237464955451,73.85272283550536,2026-09-22 08:07:10,0
ESP32-01,18.512482082322947,73.8620910313915,2026-09-21 08:25:00,0
ESP32-01,18.504972038025734,73.91890332664244,2026-09-21 13:17:00,0
ESP32-01,18.56583361899159,73.89069140740355,2026-09-22 13:27:10,0
ESP32-01,18.51572980072172,73.85663854449881,2026-09-22 08:36:30,0
ESP32-01,18.52349505108504,73.85611942128389,2026-09-22 08:24:20,0
ESP32-01,18.519882199666128,73.82216962572744,2026-09-20 13:09:40,0
ESP32-01,18.522592084697955,73.85326953316105,2026-09-22 08:05:30,0
ESP32-01,18.498758040055822,73.8510829674051,2026-09-20 08:40:10,0
ESP32-01,18.516876735045656,73.85951584548152,2026-09-21 08:06:50,0
ESP32-01,18.512781484069396,73.85307512073057,2026-09-20 17:18:20,0
ESP32-01,18.51487841496372,73.85941679694453,2026-09-21 08:30:50,0
ESP32-01,18.5210247807003,73.85635238976023,2026-09-22 08:27:40,0
ESP32-01,18.565299799745517,73.89209690774565,2026-09-22 13:27:30,0
ESP32-01,18.574140577399973,73.85596701810384,2026-09-22 13:17:00,0
ESP32-01,18.469907688440056,73.772963368375,2026-09-20 13:32:30,0
ESP32-01,18.597630063768666,73.78015830513095,2026-09-20 13:24:50,0
ESP32-01,18.526978605691475,73.83224516665642,2026-09-20 13:06:20,0
ESP32-01,18.568293616666477,73.93582731457931,2026-09-22 13:38:50,0
ESP32-01,18.578015066939077,73.87335297810313,2026-09-22 13:22:30,0
ESP32-01,18.443124193174494,73.76255749961717,2026-09-20 13:39:20,0
ESP32-01,18.512221172882775,73.86518838978243,2026-09-21 08:42:40,0
ESP32-01,18.56724649380068,73.88799318646852,2026-09-22 13:26:30,0
ESP32-01,18.51837185484844,73.85666704618762,2026-09-22 08:31:50,0
ESP32-01,18.58067734125569,73.85950824169561,2026-09-22 13:18:50,0
ESP32-01,18.484952694205603,73.7671723842616,2026-09-20 13:28:30,0
ESP32-01,18.51069905055744,73.85614920417333,2026-09-20 17:23:40,0
ESP32-01,18.514063413443118,73.86140761544317,2026-09-21 08:27:50,0
ESP32-01,18.528039619879774,73.86276446556481,2026-09-21 17:22:10,0
ESP32-01,18.512997175561104,73.86237585511344,2026-09-21 08:25:50,0
ESP32-01,18.531294525033587,73.87010949604553,2026-09-22 13:04:00,0
ESP32-01,18.520720829642077,73.8566438662383,2026-09-22 08:28:10,0
ESP32-01,18.51552107043092,73.85683153620613,2026-09-22 08:36:50,0
ESP32-01,18.512265281509034,73.84723085706719,2026-09-20 08:19:30,0
ESP32-01,18.498614528008126,73.92195319770319,2026-09-21 13:18:40,0
ESP32-01,18.465409412575667,73.77149962900774,2026-09-20 13:33:30,0
ESP32-01,18.50735082271088,73.8018067342635,2026-09-20 13:17:50,0
ESP32-01,18.52870712681134,73.86430836716532,2026-09-21 17:24:30,0
ESP32-01,18.525157612989442,73.85120156921595,2026-09-20 13:01:30,0
ESP32-01,18.545238809796437,73.86538783028078,2026-09-22 13:09:10,0
ESP32-01,18.56202659216827,73.91544300682315,2026-09-22 13:34:00,0
ESP32-01,18.527135568885626,73.84818234432406,2026-09-20 13:02:20,0
ESP32-01,18.52011209637134,73.85831946191539,2026-09-20 17:02:10,0
ESP32-01,18.512222891389264,73.8606136155402,2026-09-21 08:23:00,0
ESP32-01,18.517227286321614,73.84934215236248,2026-09-20 08:11:40,0
ESP32-01,18.51259355585372,73.85978423148609,2026-09-22 08:42:30,0
ESP32-01,18.514860474353668,73.86029147036406,2026-09-21 08:29:40,0
ESP32-01,18.525958728805783,73.85426501209756,2026-09-22 08:11:10,0
ESP32-01,18.520070068969346,73.85540605789166,2026-09-20 08:01:30,0
ESP32-01,18.52912948588958,73.85223345873268,2026-09-22 17:14:50,0
ESP32-01,18.51857077926946,73.8570923418294,2026-09-22 08:31:20,0
ESP32-01,18.519653733696252,73.85823213106097,2026-09-21 08:02:00,0
ESP32-01,18.512736329937884,73.86021004011981,2026-09-21 08:35:50,0
ESP32-01,18.499833612689315,73.79070813178426,2026-09-20 13:20:50,0
ESP32-01,18.489881635840515,73.77148168292749,2026-09-20 13:26:50,0
ESP32-01,18.511073788316253,73.84679585351783,2026-09-20 08:21:10,0
ESP32-01,0.0,0.0,2026-09-22 13:35:20,0
ESP32-01,18.518849401452584,73.85324440941412,2026-09-20 08:04:40,0
ESP32-01,18.51454147511357,73.85697023601075,2026-09-21 08:12:00,0
ESP32-01,18.514543391001805,73.85202015789407,2026-09-20 17:15:30,0
ESP32-01,18.56527130737938,73.89310697297879,2026-09-22 13:27:40,0
ESP32-01,18.527550466361365,73.86088377847979,2026-09-21 17:19:30,0
ESP32-01,18.511823372383834,73.86061194642303,2026-09-22 08:44:10,0
ESP32-01,18.559259295759407,73.85463865735952,2026-09-22 13:13:30,0
ESP32-01,18.51240973929223,73.86378828680728,2026-09-21 08:40:30,0
ESP32-01,18.527050085485065,73.85194424935017,2026-09-22 17:12:00,0
ESP32-01,18.513856725214982,73.84863732804425,2026-09-20 08:16:30,0
ESP32-01,18.521703259884198,73.85556077399545,2026-09-22 08:02:00,0
ESP32-01,18.519713635580413,73.8584984244285,2026-09-20 17:02:50,0
ESP32-01,18.528593078479705,73.86476926026911,2026-09-21 17:25:10,0
ESP32-01,18.519050748134184,73.85252561789764,2026-09-20 08:05:40,0
ESP32-01,18.51910680911072,73.85216707234808,2026-09-20 08:06:10,0
ESP32-01,18.501390385435485,73.84961589642062,2026-09-20 08:36:10,0
ESP32-01,18.527864713469995,73.86671456651129,2026-09-21 17:28:00,0
ESP32-01,18.51375733282449,73.85892956737143,2026-09-22 08:40:20,0
ESP32-01,18.52373225063667,73.85353096813162,2026-09-22 17:06:20,0
ESP32-01,18.526986068941692,73.85562341452632,2026-09-22 08:14:00,0
ESP32-01,18.52496099967693,73.85355554412766,2026-09-21 17:08:30,0
ESP32-01,18.534412851096498,73.8501267320745,2026-09-22 17:23:00,0
ESP32-01,18.513062179995234,73.84795574661302,2026-09-20 08:18:00,0
ESP32-01,,73.85723853710438,2026-09-21 08:00:40,0
ESP32-01,18.53399444222386,73.87129620621447,2026-09-22 13:04:50,0
ESP32-01,18.53702695728563,73.84720546674592,2026-09-22 17:28:40,0
ESP32-01,18.525513243502992,73.85529451671344,2026-09-21 17:11:00,0
ESP32-01,18.519803742959382,73.85507724570725,2026-09-20 08:02:00,0
ESP32-01,18.481522536486164,73.7685810425532,2026-09-20 13:29:30,0
ESP32-01,18.51503875844044,73.85715418705917,2026-09-21 08:11:20,0
ESP32-01,18.50285118633276,73.84922362453632,2026-09-20 08:34:00,0
ESP32-01,18.51932009400187,73.85714523507474,2026-09-22 08:30:10,0
ESP32-01,18.571839523010745,73.87634211924895,2026-09-22 13:23:50,0
ESP32-01,18.492469898064673,73.78172496721697,2026-09-20 13:23:40,0
ESP32-01,18.504641759330166,73.84964267859935,2026-09-20 08:31:20,0
ESP32-01,18.51381556970841,73.85989360467461,2026-09-21 13:02:00,0
ESP32-01,18.579983392388982,73.87186951225026,2026-09-22 13:21:50,0
ESP32-01,18.516256893150054,73.85925146469222,2026-09-21 08:07:50,0
ESP32-01,18.50178915273156,73.88172691008991,2026-09-21 13:08:30,0
ESP32-01,18.519150744233535,73.85421733993063,2026-09-20 08:03:20,0
ESP32-01,18.53082476477455,73.85106851770834,2026-09-22 17:17:50,0
ESP32-01,18.51542833413702,73.85221873258958,2026-09-20 17:14:20,0
ESP32-01,18.528513433763404,73.85222040371339,2026-09-22 17:14:00,0
ESP32-01,18.51191880722145,73.86038510745779,2026-09-21 08:22:20,0
ESP32-01,18.566053571291235,73.89017910363934,2026-09-22 13:27:00,0
ESP32-01,18.521488334630504,73.8557312960697,2026-09-22 08:01:40,0
ESP32-01,18.51569441264266,73.85756988748533,2026-09-21 13:01:10,0
ESP32-01,18.529028629630513,73.838217361999,2026-09-20 13:04:50,0
ESP32-01,18.5266717858932,73.85889052936169,2026-09-22 08:18:50,0
ESP32-01,18.51894449271949,73.85367782370481,2026-09-20 08:04:00,0
ESP32-01,18.49521190487496,73.93999714038972,2026-09-21 13:24:00,0
ESP32-01,18.52079138609696,73.8566705088166,2026-09-22 17:00:30,1
ESP32-01,18.477732740563145,73.7720530721409,2026-09-20 13:30:40,0
ESP32-01,18.561368906802645,73.85417575814819,2026-09-22 13:14:00,0
ESP32-01,18.51022470145034,73.85775333716443,2026-09-20 17:26:00,0
ESP32-01,18.51542833413702,73.85221873258958,2026-09-20 17:14:20,0
ESP32-01,18.501867608724954,73.88557431712165,2026-09-21 13:09:20,0
ESP32-01,18.52224398591193,73.80659514091717,2026-09-20 13:13:50,0
ESP32-01,18.50718458576138,73.94970926170488,2026-09-21 13:28:00,0
ESP32-01,18.49864373969409,73.94548444790473,2026-09-21 13:25:30,0
ESP32-01,18.563710393028195,73.92779017066349,2026-09-22 13:36:40,0
ESP32-01,18.50084618341172,73.89262779550707,2026-09-21 13:10:50,0
ESP32-01,18.515683455211942,73.8583825286262,2026-09-21 08:09:20,0
ESP32-01,18.573379283249825,73.85551570367191,2026-09-22 13:16:50,0
ESP32-01,18.490494979107254,73.93065192684882,2026-09-21 13:21:40,0
ESP32-01,18.52575835603796,73.85948825659484,2026-09-21 17:16:20,0
ESP32-01,18.52374974322836,73.85619298123662,2026-09-22 08:24:00,0
ESP32-01,18.56830188198417,73.9352112310114,2026-09-22 13:38:40,0
ESP32-01,18.53383963969985,73.85035892478605,2026-09-22 17:22:10,0
ESP32-01,18.527729127959525,73.86156721223912,2026-09-21 17:20:30,0
ESP32-01,18.517150684673403,73.85568184247472,2026-09-22 08:33:50,0
ESP32-01,18.47857794289226,73.77096501150791,2026-09-20 13:30:20,0
ESP32-01,18.496714233608447,73.85065943332302,2026-09-20 08:43:10,0
ESP32-01,18.518559524661498,73.84982736331493,2026-09-20 08:09:40,0
ESP32-01,18.51427719538642,73.85221312222036,2026-09-20 17:16:10,0
ESP32-01,18.49146946705755,73.925501462374,2026-09-21 13:20:30,0
ESP32-01,18.50921335778996,73.8467528297439,2026-09-20 08:23:40,0
ESP32-01,18.51855727121626,73.81509806714827,2026-09-20 13:11:30,0
ESP32-01,18.536953786219883,73.84727624432726,2026-09-22 17:28:30,0
ESP32-01,18.70055226213001,73.85659233823489,2026-09-22 08:15:10,0
ESP32-01,18.512575098354,73.8621898015726,2026-09-21 08:25:10,0
ESP32-01,18.511192977816634,73.85977697137072,2026-09-21 08:21:00,0
ESP32-01,18.503815243484915,73.84934124325468,2026-09-20 08:32:40,0
ESP32-01,18.515408190829756,73.85783303031286,2026-09-21 08:10:10,0
ESP32-01,18.52360991400148,73.85428492534118,2026-09-21 17:06:00,0
ESP32-01,18.536722634409085,73.84745136454995,2026-09-22 17:28:10,0
ESP32-01,18.568958911937578,73.87970801089095,2026-09-22 13:24:40,0
ESP32-01,18.51446060125591,73.86108368794791,2026-09-21 08:28:30,0
ESP32-01,18.50496092859065,73.84992036839665,2026-09-20 08:30:50,0
ESP32-01,18.52037624654673,73.85768590759879,2026-09-20 17:01:10,0
ESP32-01,18.528404722513642,73.85220308911238,2026-09-22 17:13:50,0
ESP32-01,18.507387163144376,73.84827405608765,2026-09-20 08:26:40,0
ESP32-01,18.50959866521282,73.85828105148194,2026-09-20 17:27:00,0
ESP32-01,18.515486619331433,73.85229768096283,2026-09-20 17:14:10,0
ESP32-01,18.5243670233913,73.85338844445505,2026-09-21 17:07:40,0
ESP32-01,18.54920414752127,73.86032058600807,2026-09-22 13:10:40,0
ESP32-01,18.522092102988957,73.85576375293584,2026-09-22 08:26:10,0
ESP32-01,18.508614036400562,73.84694179869169,2026-09-20 08:24:30,0
ESP32-01,18.520944865457366,73.80337838479588,2026-09-20 13:14:40,0
ESP32-01,,73.85332807063823,2026-09-20 17:10:40,0
ESP32-01,18.518363742772603,73.85905745279354,2026-09-21 08:04:10,0
ESP32-01,18.526927772551335,73.85773690966394,2026-09-22 08:16:40,0
ESP32-01,18.511878937949266,73.85485647221454,2026-09-20 17:20:50,0
ESP32-01,18.511430711575127,73.859283345389,2026-09-21 08:20:20,0
ESP32-01,18.51258825007587,73.86342889714848,2026-09-21 08:40:00,0
ESP32-01,18.506083190273696,73.94986035875723,2026-09-21 13:27:40,0
ESP32-01,18.490075350869866,73.77234146332778,2026-09-20 13:26:40,0
ESP32-01,18.52373940657689,73.85377743166997,2026-09-21 17:06:40,0
ESP32-01,18.527628892776132,73.8609520590724,2026-09-21 17:19:40,0
ESP32-01,18.566369588175252,73.88951978203292,2026-09-22 13:26:50,0
ESP32-01,18.50100713207234,73.89380953677056,2026-09-21 13:11:10,0
ESP32-01,18.504838057594643,73.84985026753716,2026-09-20 08:31:00,0
ESP32-01,18.50996536476381,73.94924584431332,2026-09-21 13:28:40,0
ESP32-01,18.51228857463658,73.86172680386643,2026-09-21 08:24:30,0
ESP32-01,18.558642475620754,73.90987402022543,2026-09-22 13:32:30,0
ESP32-01,18.521759030785255,73.8559054305267,2026-09-22 17:02:10,0
ESP32-01,18.531817091373572,73.9357300319937,2026-09-21 13:34:40,0
ESP32-01,18.519693170666233,73.85712664216416,2026-09-22 08:29:40,0
ESP32-01,18.515544534257902,73.85805895942273,2026-09-21 08:09:50,0
ESP32-01,18.520503928409507,73.85665118825878,2026-09-22 17:00:00,0
ESP32-01,18.51907110534461,73.85228237818241,2026-09-20 08:06:00,0
ESP32-01,18.519720129157374,73.85810373843992,2026-09-21 08:01:50,0
ESP32-01,18.460361061761848,73.77013860238422,2026-09-20 13:34:50,0
ESP32-01,18.51524617619645,73.85736672440001,2026-09-21 08:10:50,0
ESP32-01,18.525942022298057,73.85773166546137,2026-09-21 17:14:20,0
ESP32-01,18.512709523777378,73.86123086908181,2026-09-21 08:37:00,0
ESP32-01,18.53396597863961,73.8502939178394,2026-09-22 17:22:20,0
ESP32-01,18.522548967673103,73.85576413117042,2026-09-22 08:25:30,0
ESP32-01,18.51329004219851,73.8588006771003,2026-09-21 08:33:40,0
ESP32-01,18.525089273034798,73.85367109132054,2026-09-21 17:08:40,0
ESP32-01,18.524276741777435,73.85310677637018,2026-09-22 08:08:10,0
ESP32-01,18.508289540662762,73.84735942334186,2026-09-20 08:25:10,0
ESP32-01,18.544952583362903,73.9378811279888,2026-09-21 13:37:40,0
ESP32-01,18.512557924137976,73.86007724541672,2026-09-22 08:42:50,0
ESP32-01,18.567462011930537,73.88632624681661,2026-09-22 13:26:10,0
ESP32-01,18.514306848089554,73.85211716908418,2026-09-20 17:16:00,0
ESP32-01,18.518217331885854,73.85467487695642,2026-09-20 17:08:40,0
ESP32-01,18.50872075994837,73.84685773469101,2026-09-20 08:24:20,0
ESP32-01,18.513464942109053,73.86801299708995,2026-09-21 13:04:00,0
ESP32-01,,73.85358307359577,2026-09-20 17:10:20,0
ESP32-01,18.52093644356344,73.85613329977261,2026-09-22 08:00:50,0
ESP32-01,18.548285702454518,73.938244080136,2026-09-21 13:38:30,0
ESP32-01,18.522055998192442,73.85541444822633,2026-09-22 17:02:50,0
ESP32-01,18.534771882492315,73.84984691259992,2026-09-22 17:23:40,0
ESP32-01,18.525707512034856,73.85936102804334,2026-09-21 17:16:10,0
ESP32-01,18.521984003776126,73.85580166944237,2026-09-22 08:26:20,0
ESP32-01,,73.94034282500907,2026-09-21 13:31:40,0
ESP32-01,18.525670394368277,73.85451649163844,2026-09-21 17:10:00,0
ESP32-01,18.524926708354915,73.85360064377552,2026-09-22 08:09:30,0
ESP32-01,18.520282209843938,73.85690076084369,2026-09-21 08:00:10,0
ESP32-01,18.521540805068355,73.85624553327396,2026-09-22 17:01:40,0
ESP32-01,18.467617026804366,73.772484901105,2026-09-20 13:33:00,0
ESP32-01,18.51455214698485,73.80269617891915,2026-09-20 13:16:10,0
ESP32-01,18.509345435967077,73.84674314974131,2026-09-20 08:23:30,0
ESP32-01,18.478175313608965,73.77138137085502,2026-09-20 13:30:30,0
ESP32-01,18.574764347208486,73.87462774307502,2026-09-22 13:23:10,0
ESP32-01,18.525535460131522,73.85617366405718,2026-09-21 17:12:10,0
ESP32-01,18.534311507234495,73.85015584236517,2026-09-22 17:22:50,0
ESP32-01,18.511263781382915,73.87403535351717,2026-09-21 13:05:30,0
ESP32-01,18.45450152108377,73.7686085151204,2026-09-20 13:36:20,0
ESP32-01,18.525084901055607,73.85293741409991,2026-09-22 17:08:40,0
ESP32-01,18.520604438274315,73.85632221605198,2026-09-22 08:00:20,0
ESP32-01,18.511231638912676,73.80261049771327,2026-09-20 13:17:00,0
ESP32-01,18.564497550652526,73.85307057571318,2026-09-22 13:14:40,0
ESP32-01,18.514337516956036,73.84903477954877,2026-09-20 08:15:40,0
ESP32-01,18.49219889405884,73.92441753720556,2026-09-21 13:20:10,0
ESP32-01,18.51072875167723,73.85624556711174,2026-09-20 17:23:50,0
ESP32-01,18.526861246132604,73.85713888829285,2026-09-22 08:16:00,0
ESP32-01,18.499973732534528,73.92172974679745,2026-09-21 13:18:20,0
ESP32-01,18.52905504330854,73.838887173529,2026-09-20 13:04:40,0
ESP32-01,18.526798557669462,73.85204116593974,2026-09-22 17:11:40,0
ESP32-01,18.518599370794302,73.85744819699747,2026-09-20 17:05:00,0
ESP32-01,18.58229915276394,73.86716564091121,2026-09-22 13:20:40,0
ESP32-01,18.52629099647282,73.8584583683001,2026-09-22 08:19:30,0
ESP32-01,18.552808802746178,73.8562960831452,2026-09-22 13:11:50,0
ESP32-01,18.525197494407973,73.85276804648886,2026-09-22 17:09:00,0
ESP32-01,18.516767814144934,73.85560719661929,2026-09-22 08:34:20,0
ESP32-01,18.5130244863913,73.85904749628496,2026-09-21 08:34:10,0
ESP32-01,18.537575796383702,73.84691837710105,2026-09-22 17:29:30,0
ESP32-01,18.556394992300294,73.85493983968834,2026-09-22 13:12:50,0
ESP32-01,18.521249999631433,73.85795666027703,2026-09-22 13:00:10,0
ESP32-01,18.52810603420402,73.8628883715371,2026-09-21 17:22:20,0
ESP32-01,18.512743485203,73.86163932954894,2026-09-21 08:37:30,0
ESP32-01,18.522951841168076,73.85576767240586,2026-09-21 17:03:30,0
ESP32-01,18.520207457339573,73.85697507302199,2026-09-21 08:00:20,0
ESP32-01,18.501896352551626,73.88094610013766,2026-09-21 13:08:20,0
ESP32-01,18.512969786284764,73.85597470312986,2026-09-21 08:14:50,0
ESP32-01,18.546114506930575,73.93804315546338,2026-09-21 13:38:00,0
ESP32-01,18.516461468345632,73.8594163923029,2026-09-21 08:07:30,0
ESP32-01,18.521841812720886,73.81104835359358,2026-09-20 13:12:50,0
ESP32-01,18.495354187083702,73.94140796578532,2026-09-21 13:24:20,0
ESP32-01,18.511342485123212,73.85511395667734,2026-09-20 17:21:40,0
ESP32-01,18.51231141335444,73.84728881424176,2026-09-20 08:19:20,0
ESP32-01,18.565513327582376,73.89159075616111,2026-09-22 13:27:20,0
ESP32-01,18.521159863005597,73.85661342911092,2026-09-21 17:01:00,0
ESP32-01,18.51560991749901,73.85673612985144,2026-09-22 08:36:40,0
ESP32-01,18.520263804559196,73.85607029371123,2026-09-20 08:00:40,0
ESP32-01,18.52717062131518,73.9352675769865,2026-09-21 13:33:40,0
ESP32-01,18.51932280569066,73.85105222760497,2026-09-20 08:07:40,0
ESP32-01,18.52084164553448,73.8567265402165,2026-09-21 17:00:30,0
ESP32-01,18.536308280449916,73.87213867756991,2026-09-22 13:05:30,0
ESP32-01,18.535414272213618,73.84808977216412,2026-09-22 17:26:10,0
ESP32-01,18.523407835723294,73.85406958533343,2026-09-22 17:05:20,0
ESP32-01,18.517032992684932,73.85967247881969,2026-09-21 08:06:30,0
ESP32-01,18.51123953328123,73.8604778181219,2026-09-22 08:44:50,0
ESP32-01,18.51663506684547,73.85239822864125,2026-09-20 17:12:40,0
ESP32-01,18.508984315859514,73.80234743827856,2026-09-20 13:17:30,0
ESP32-01,18.57248410166276,73.8548675187977,2026-09-22 13:16:30,0
ESP32-01,18.511275588926406,73.87324247842119,2026-09-21 13:05:20,0
ESP32-01,18.490680117149463,73.78097445971702,2026-09-20 13:24:10,0
ESP32-01,18.512229793524526,73.85862574469368,2026-09-21 08:19:00,0
ESP32-01,18.50841312838267,73.85837004730385,2026-09-20 17:28:50,0
ESP32-01,18.522225179665796,73.85624220905153,2026-09-21 17:02:30,0
ESP32-01,18.504069840756877,73.84937741953676,2026-09-20 08:32:20,0
ESP32-01,18.52819665927305,73.86315548432292,2026-09-21 17:22:40,0
ESP32-01,18.545560670436785,73.8672014850591,2026-09-22 13:08:50,0
ESP32-01,18.52691742990935,73.85197457583004,2026-09-22 17:11:50,0
ESP32-01,18.513181821287194,73.85933150571438,2026-09-22 08:41:20,0
ESP32-01,18.5119294204738,73.8605659658642,2026-09-22 08:44:00,0
ESP32-01,18.518818988048398,73.85732520070594,2026-09-22 08:30:50,0
ESP32-01,18.444085637022425,73.76298576205853,2026-09-20 13:39:00,0
ESP32-01,18.51252190875545,73.847553225659,2026-09-20 08:18:50,0
ESP32-01,18.525456222437644,73.85258105539934,2026-09-22 17:09:30,0
ESP32-01,18.51997116946596,73.8584833206458,2026-09-20 17:02:30,0
ESP32-01,18.519825502368207,73.82071889222003,2026-09-20 13:10:00,0
ESP32-01,18.5075567306717,73.84801233669066,2026-09-20 08:26:20,0
ESP32-01,18.502230569505578,73.90085683389232,2026-09-21 13:13:00,0
ESP32-01,18.52204146091493,73.80887850090008,2026-09-20 13:13:20,0
ESP32-01,18.52396363897986,73.85283411140145,2026-09-22 08:07:30,0
ESP32-01,18.522796297060626,73.85450563697499,2026-09-22 17:04:20,0
ESP32-01,18.50833485237095,73.85825283445816,2026-09-20 17:29:00,0
ESP32-01,18.512965699337776,73.84788026253197,2026-09-20 08:18:10,0
ESP32-01,18.55544502965902,73.85533679104753,2026-09-22 13:12:30,0
ESP32-01,18.530754798621544,73.86974035924152,2026-09-22 13:03:50,0
ESP32-01,18.52363535062587,73.85480704544881,2026-09-21 17:05:20,0
ESP32-01,18.538398622432823,73.87245444978338,2026-09-22 13:06:00,0
ESP32-01,18.529685969286422,73.93509868227896,2026-09-21 13:34:10,0
ESP32-01,18.56988617306814,73.87812661508943,2026-09-22 13:24:20,0
ESP32-01,18.46424874998845,73.77099963789892,2026-09-20 13:34:00,0
ESP32-01,18.518099610755083,73.85685477984671,2026-09-20 17:06:00,0
ESP32-01,18.52538020064805,73.83099687665002,2026-09-20 13:06:50,0
ESP32-01,18.514239455473056,73.84896918292704,2026-09-20 08:15:50,0
ESP32-01,18.581241715257413,73.86070234663994,2026-09-22 13:19:10,0
ESP32-01,18.516184939634215,73.85239065443193,2026-09-20 17:13:20,0
ESP32-01,18.519243659556516,73.8514019037293,2026-09-20 08:07:10,0
ESP32-01,18.519204462002158,73.85431739280294,2026-09-20 08:03:10,0
ESP32-01,18.52513598934165,73.85731406708497,2026-09-22 08:21:40,0
ESP32-01,18.52135297265504,73.8038006400064,2026-09-20 13:14:30,0
ESP32-01,18.519806237455356,73.8026480795003,2026-09-20 13:15:00,0
ESP32-01,18.525747188847212,73.8563220327523,2026-09-21 17:12:30,0
ESP32-01,18.52238875356473,73.85437290861023,2026-09-22 08:03:50,0
ESP32-01,18.512597364014766,73.8534064422586,2026-09-20 17:18:50,0
ESP32-01,18.491787932362374,73.9248732179714,2026-09-21 13:20:20,0
ESP32-01,18.550382297406856,73.93872945178987,2026-09-21 13:39:10,0
ESP32-01,18.52708357112929,73.86740128914681,2026-09-21 17:29:20,0
ESP32-01,18.50095410687524,73.79246188019327,2026-09-20 13:20:20,0
ESP32-01,18.551007937666913,73.93875354352512,2026-09-21 13:39:20,0
ESP32-01,18.51804126737504,73.85670875527701,2026-09-20 17:06:10,0
ESP32-01,18.512908033987515,73.85298624356749,2026-09-20 17:18:10,0
ESP32-01,18.52361072675579,73.85332504627546,2026-09-20 13:00:50,0
ESP32-01,18.500845469563334,73.84994108821236,2026-09-20 08:37:00,0
ESP32-01,18.525615620271125,73.85413932512708,2026-09-22 08:10:40,0
ESP32-01,18.51455712610826,73.86099712409667,2026-09-21 08:28:40,0
ESP32-01,18.527193511291298,73.85855051710854,2026-09-22 08:17:50,0
ESP32-01,18.512353652174408,73.86396194081686,2026-09-21 08:40:50,0
ESP32-01,18.51274952223457,73.84773589821917,2026-09-20 08:18:30,0
ESP32-01,18.51658088717739,73.85944095374366,2026-09-21 08:07:20,0
ESP32-01,18.513944630516413,73.86158250619823,2026-09-21 08:27:30,0
ESP32-01,18.49862371594666,73.78966990271385,2026-09-20 13:21:10,0
ESP32-01,18.51831466725482,73.85907364667226,2026-09-21 08:04:20,0
ESP32-01,18.52350583836142,73.85532214486453,2026-09-21 17:04:40,0
ESP32-01,18.515645926633958,73.85237253321772,2026-09-20 17:14:00,0
ESP32-01,18.523144472007157,73.85565544932209,2026-09-21 17:03:50,0
ESP32-01,18.52430048202024,73.83027689439186,2026-09-20 13:07:10,0
ESP32-01,18.528351944806847,73.84655505664611,2026-09-20 13:02:50,0
ESP32-01,18.523813058056994,73.85366999453512,2026-09-21 17:06:50,0
ESP32-01,18.55709958654868,73.9021305740841,2026-09-22 13:30:40,0
ESP32-01,18.50992118385752,73.85808357030194,2026-09-20 17:26:30,0
ESP32-01,18.500921489788627,73.94793740253667,2026-09-21 13:26:20,0
ESP32-01,18.582180902661158,73.86778609511047,2026-09-22 13:20:50,0
ESP32-01,18.519358228273727,73.81402948255051,2026-09-20 13:11:50,0
ESP32-01,18.512438568442278,73.86532035728568,2026-09-21 08:43:00,0
ESP32-01,18.50408857781376,73.90773427249921,2026-09-21 13:14:40,0
ESP32-01,18.51599466114122,73.85896478158634,2026-09-21 08:08:20,0
ESP32-01,18.51234093116667,73.85747625627627,2026-09-21 08:17:30,0
ESP32-01,18.513098796914463,73.94618764804272,2026-09-21 13:29:40,0
ESP32-01,18.582412636513666,73.86563067806668,2026-09-22 13:20:20,0
ESP32-01,18.486893345422466,73.7680306491198,2026-09-20 13:28:00,0
ESP32-01,18.524147294294984,73.8529009332789,2026-09-22 08:07:50,0
ESP32-01,18.497286232621352,73.92210259363341,2026-09-21 13:19:00,0
ESP32-01,18.51230644743663,73.86089136448055,2026-09-21 08:23:20,0
ESP32-01,18.512635491769476,73.86226349448597,2026-09-21 08:38:30,0
ESP32-01,18.515641322055732,73.85829150557451,2026-09-21 08:09:30,0
ESP32-01,18.519368332629476,73.8545146592484,2026-09-20 08:02:50,0
ESP32-01,18.518188926719372,73.85916733264678,2026-09-21 08:04:30,0
ESP32-01,18.55234183201946,73.93921247658731,2026-09-21 13:39:40,0
ESP32-01,18.525648158828446,73.85920289149173,2026-09-21 17:16:00,0
ESP32-01,18.505206268151056,73.91548671416359,2026-09-21 13:16:20,0
ESP32-01,18.52220215414068,73.808292545646,2026-09-20 13:13:30,0
ESP32-01,18.491327118697843,73.9262959568013,2026-09-21 13:20:40,0
ESP32-01,18.512302272114272,73.86524772521103,2026-09-21 08:42:50,0
ESP32-01,18.562798906345353,73.92251543102243,2026-09-22 13:35:30,0
ESP32-01,18.51226732370479,73.85849697887495,2026-09-21 08:18:50,0
ESP32-01,,73.85154582684865,2026-09-20 08:07:00,0
ESP32-01,18.518998986253134,73.85013299500498,2026-09-20 08:09:00,0
ESP32-01,18.49610272532569,73.85060322982514,2026-09-20 08:43:50,0
ESP32-01,18.51374413234844,73.84846093459335,2026-09-20 08:16:50,0
ESP32-01,18.52361072675579,73.85332504627546,2026-09-20 13:00:50,0
ESP32-01,18.52766812146915,73.8471689592391,2026-09-20 13:02:40,0
ESP32-01,18.481952966678108,73.76814835192904,2026-09-20 13:29:20,0
ESP32-01,18.51385656399717,73.8524835895001,2026-09-20 17:16:50,0
ESP32-01,18.49790134232158,73.85080588494644,2026-09-20 08:41:30,0
ESP32-01,18.531108675370817,73.85084960393944,2026-09-22 17:18:20,0
ESP32-01,18.504402683504765,73.9100063226656,2026-09-21 13:15:10,0
ESP32-01,18.55463868403458,73.85554270584166,2026-09-22 13:12:20,0
ESP32-01,18.512404728260684,73.85770522069794,2026-09-21 08:17:50,0
ESP32-01,18.563272869807996,73.89632789520677,2026-09-22 13:28:40,0
ESP32-01,18.51279509644266,73.86174790610524,2026-09-21 13:02:30,0
ESP32-01,18.520937526150686,73.81230639777483,2026-09-20 13:12:20,0
ESP32-01,18.51426603921758,73.85680791755274,2026-09-21 08:12:30,0
ESP32-01,18.534816640976857,73.84980467356763,2026-09-22 17:23:50,0
ESP32-01,18.51469128739445,73.85201264308652,2026-09-20 17:15:20,0
ESP32-01,18.510445432374116,73.85701032013851,2026-09-20 17:25:00,0
ESP32-01,18.581483695596045,73.87016651814277,2026-09-22 13:21:20,0
ESP32-01,18.51834837822354,73.84972788142407,2026-09-20 08:10:00,0
ESP32-01,18.52356992066099,73.85368277060176,2026-09-22 17:06:00,0
ESP32-01,18.56294295184742,73.92613558541082,2026-09-22 13:36:20,0
ESP32-01,18.51224243273344,73.85673926544352,2026-09-21 08:16:20,0
ESP32-01,18.527476845562934,73.86077913179886,2026-09-21 17:19:20,0
ESP32-01,18.517511461926563,73.80283051737776,2026-09-20 13:15:30,0
ESP32-01,18.479704913840262,73.76984404249595,2026-09-20 13:30:00,0
ESP32-01,18.565249865665056,73.85315749110607,2026-09-22 13:14:50,0
ESP32-01,18.502171511334698,73.84943162693827,2026-09-20 08:35:00,0
ESP32-01,18.4938892761369,73.78185306031476,2026-09-20 13:23:20,0
ESP32-01,18.525947814731175,73.84995132657251,2026-09-20 13:01:50,0
ESP32-01,18.52093585990776,73.85647373014679,2026-09-22 08:27:50,0
ESP32-01,18.53014404693774,73.85205117948307,2026-09-22 17:16:20,0
ESP32-01,18.52120130436965,73.85612875272463,2026-09-22 08:27:20,0
ESP32-01,18.53535417698851,73.8489925247374,2026-09-22 17:25:00,0
ESP32-01,18.512731090118415,73.86306424964573,2026-09-21 08:39:30,0
ESP32-01,18.5285602165826,73.86383176142058,2026-09-21 17:23:50,0
ESP32-01,18.516503015903726,73.85242769555899,2026-09-20 17:12:50,0
ESP32-01,18.518242778955038,73.8547981508199,2026-09-20 17:08:30,0
ESP32-01,18.51557957267137,73.85819543554962,2026-09-21 08:09:40,0
ESP32-01,18.490675979956272,73.92896442184677,2026-09-21 13:21:10,0
ESP32-01,18.518982467995865,73.82487792221632,2026-09-20 13:09:00,0
ESP32-01,18.558398228013775,73.90936324825188,2026-09-22 13:32:20,0
ESP32-01,18.512741092121395,73.86926580392492,2026-09-21 13:04:20,0
ESP32-01,18.451019040793415,73.76822669617331,2026-09-20 13:37:10,0
ESP32-01,18.520301492962094,73.80274399651314,2026-09-20 13:14:50,0
ESP32-01,18.525117660861504,73.8528474785879,2026-09-22 17:08:50,0
ESP32-01,18.500617233640817,73.85010464432733,2026-09-20 08:37:20,0
ESP32-01,18.533166574473228,73.85083744749079,2026-09-22 17:21:10,0
ESP32-01,18.518262738381456,73.85708387133663,2026-09-20 17:05:40,0
ESP32-01,18.52070783702803,73.85666113826788,2026-09-22 17:00:20,0
ESP32-01,18.527727342207257,73.86168429226818,2026-09-21 17:20:40,0
ESP32-01,18.52291394288228,73.85445264550121,2026-09-22 17:04:30,0
ESP32-01,18.52033368906749,73.8562077402353,2026-09-20 08:00:30,0
ESP32-01,18.501635036719815,73.8495208861416,2026-09-20 08:35:50,0
ESP32-01,18.513969939616903,73.84871342417021,2026-09-20 08:16:20,0
ESP32-01,18.513995232932555,73.85244229051185,2026-09-20 17:16:40,0
ESP32-01,18.526824307881878,73.86763293664318,2026-09-21 17:29:50,0
ESP32-01,18.51615275307776,73.8591528960241,2026-09-21 08:08:00,0
ESP32-01,18.515000808962053,73.85734191167442,2026-09-22 08:37:40,0
ESP32-01,18.507539704580466,73.87897622863186,2026-09-21 13:07:00,0
ESP32-01,18.524454789969393,73.85675970498615,2026-09-22 08:22:50,0
ESP32-01,18.506790378322076,73.84891143881771,2026-09-20 08:27:50,0
ESP32-01,18.510686451363412,73.85609178259844,2026-09-20 17:23:30,0
ESP32-01,18.515089176207862,73.85718131690392,2026-09-21 08:11:10,0
ESP32-01,18.45166311933441,73.76814041797962,2026-09-20 13:37:00,0
ESP32-01,18.47730565657674,73.77254027349466,2026-09-20 13:30:50,0
ESP32-01,18.51360307564609,73.85910334579727,2026-09-22 08:40:40,0
ESP32-01,18.52105246280007,73.85662509688873,2026-09-22 17:00:50,0
ESP32-01,18.526956213016163,73.85554363942006,2026-09-22 08:13:50,0
ESP32-01,18.566755941157606,73.93160056150523,2026-09-22 13:37:50,0
ESP32-01,18.519717238720432,73.85496637347546,2026-09-20 08:02:10,0
ESP32-01,18.50153971147807,73.79479751069171,2026-09-20 13:19:50,0
ESP32-01,18.512720807966122,73.86316753897617,2026-09-21 08:39:40,0
ESP32-01,18.522033378528995,73.85526622732388,2026-09-22 08:02:30,0
ESP32-01,18.527065885412224,73.86046265239166,2026-09-21 17:18:40,0
ESP32-01,18.513537254313903,73.94550153679727,2026-09-21 13:29:50,0
ESP32-01,18.491787932362374,73.9248732179714,2026-09-21 13:20:20,0
ESP32-01,18.518280680308887,73.85549772831521,2026-09-20 17:07:40,0
ESP32-01,18.521382444181096,73.93881224576563,2026-09-21 13:32:00,0
ESP32-01,18.52696859504252,73.85506509028033,2026-09-22 08:13:10,0
ESP32-01,18.445716025763883,73.76476059313575,2026-09-20 13:38:30,0
ESP32-01,,73.86578970185197,2026-09-21 08:44:10,0
ESP32-01,18.522261505278095,73.85507997467177,2026-09-22 17:03:20,0
ESP32-01,18.5631754985261,73.92043343615974,2026-09-22 13:35:00,0
ESP32-01,18.52540122339244,73.85569375123487,2026-09-21 17:11:30,0
ESP32-01,18.525472636699018,73.85409018397908,2026-09-22 08:10:30,0
ESP32-01,18.569388417340637,73.853585229985,2026-09-20 08:04:10,0
ESP32-01,18.51642111215831,73.8556455660243,2026-09-22 08:34:50,0
ESP32-01,18.517390465386146,73.85290412595378,2026-09-20 17:11:20,0
ESP32-01,18.505102814943548,73.87943115164175,2026-09-21 13:07:30,0
ESP32-01,18.51733775161581,73.85279119053102,2026-09-20 17:11:30,0
ESP32-01,18.512366161874706,73.84738628485418,2026-09-20 08:19:10,0
ESP32-01,18.51439784864567,73.85869205506695,2026-09-21 13:01:40,0
ESP32-01,18.525637228587176,73.854398795412,2026-09-21 17:09:50,0
ESP32-01,18.512830353710868,73.80274755038869,2026-09-20 13:16:40,0
ESP32-01,18.53423979103939,73.93584400502216,2026-09-21 13:35:10,1
ESP32-01,18.51318448769179,73.86595699078322,2026-09-21 08:44:30,0
ESP32-01,18.519911550809706,73.85773558852343,2026-09-21 08:01:20,0
ESP32-01,18.518093188416614,73.85926746020667,2026-09-21 08:04:40,0
ESP32-01,18.514180965949567,73.84888636664814,2026-09-20 08:16:00,0
ESP32-01,18.516055587179014,73.85905548722423,2026-09-21 08:08:10,0
ESP32-01,18.512330615557516,73.86029449170145,2026-09-22 08:43:20,0
ESP32-01,18.5132895733552,73.85929414341956,2026-09-22 08:41:10,0
ESP32-01,18.510097329239983,73.87661158252072,2026-09-21 13:06:10,0
ESP32-01,18.524716648907894,73.853100601381,2026-09-22 17:08:00,0
ESP32-01,18.522819122989684,73.85583276104964,2026-09-21 17:03:20,0
ESP32-01,18.518015726277525,73.85440001785724,2026-09-20 17:09:10,0
ESP32-01,18.508014515056402,73.85800486107344,2026-09-20 17:29:30,0
ESP32-01,18.512198574498882,73.84715365519133,2026-09-20 08:19:40,0
ESP32-01,18.51494762422467,73.8592383686434,2026-09-21 08:31:00,0
ESP32-01,18.501155553453906,73.88736241513169,2026-09-21 13:09:40,0
ESP32-01,18.519093935837702,73.8540955513479,2026-09-20 08:03:30,0
ESP32-01,18.446341111952112,73.76523013298115,2026-09-20 13:38:20,0
ESP32-01,18.522112351537867,73.85517201700794,2026-09-22 08:02:40,0
ESP32-01,18.50254364424745,73.94911558877627,2026-09-21 13:26:50,0
ESP32-01,18.49112904557285,73.93454349425319,2026-09-21 13:22:30,0
ESP32-01,18.547413038234566,73.93812389751476,2026-09-21 13:38:20,0
ESP32-01,18.507003782651058,73.84863878771455,2026-09-20 08:27:20,0
ESP32-01,18.519583422143835,73.85857525321371,2026-09-21 08:02:20,0
ESP32-01,18.513931883788203,73.85855857900607,2026-09-22 08:39:50,0
ESP32-01,18.526379452241635,73.85221760238542,2026-09-22 17:11:00,0
ESP32-01,18.52336053100535,73.855553400724,2026-09-21 17:04:10,0
ESP32-01,18.56723268377828,73.85295685762321,2026-09-22 13:15:20,0
ESP32-01,18.506614990051926,73.80152678674824,2026-09-20 13:18:00,0
ESP32-01,18.518046706519222,73.84942567272897,2026-09-20 08:10:30,0
ESP32-01,,73.85527264010153,2026-09-22 08:13:30,0
ESP32-01,18.511410188613844,73.86020660623775,2026-09-21 08:21:40,0
ESP32-01,18.529286089514336,73.84141229477333,2026-09-20 13:04:00,0
ESP32-01,18.532423510285202,73.8508719670258,2026-09-22 17:20:10,0
ESP32-01,18.522427521821516,73.85573059941139,2026-09-22 08:25:40,0
ESP32-01,18.523187793701307,73.8291790284432,2026-09-20 13:07:30,0
ESP32-01,18.5195924371317,73.85848467191727,2026-09-20 17:03:00,0
ESP32-01,18.510710883387837,73.84685866587726,2026-09-20 08:21:40,0
ESP32-01,18.5135312733987,73.86599490068492,2026-09-21 13:03:30,0
ESP32-01,18.50452678212243,73.84958222419613,2026-09-20 08:31:30,0
ESP32-01,18.518853329078414,73.85335399521442,2026-09-20 08:04:30,0
ESP32-01,18.517998059925556,73.8562781327099,2026-09-22 08:32:30,0
ESP32-01,18.50416728053131,73.9063230874653,2026-09-21 13:14:20,0
ESP32-01,18.504181723738093,73.90941362189908,2026-09-21 13:15:00,0
ESP32-01,18.566053571291235,73.89017910363934,2026-09-22 13:27:00,0
ESP32-01,18.515311801190823,73.85748635482744,2026-09-21 08:10:40,0
ESP32-01,18.527554660546286,73.8519827632284,2026-09-22 17:12:40,0
ESP32-01,0.0,0.0,2026-09-21 13:38:40,0
ESP32-01,18.57783197210631,73.85826257527013,2026-09-22 13:18:00,0
ESP32-01,18.526489101245826,73.86017743062439,2026-09-21 17:17:50,0
ESP32-01,18.519192152605445,73.94211571656324,2026-09-21 13:31:10,0
ESP32-01,18.495802423214403,73.85049976014959,2026-09-20 08:44:20,0
ESP32-01,18.516738463853038,73.85237088720054,2026-09-20 17:12:30,0
ESP32-01,18.52320249273918,73.85602361467127,2026-09-22 08:24:40,0
ESP32-01,18.526889945322118,73.8570446584364,2026-09-22 08:15:50,0
ESP32-01,18.512872908719377,73.85944036335216,2026-09-22 08:41:50,0
ESP32-01,18.516684570806753,73.8491566543652,2026-09-20 08:12:30,0
ESP32-01,18.570401263431304,73.85387480858807,2026-09-22 13:16:00,0
ESP32-01,18.52534571581256,73.85744843782177,2026-09-22 08:21:20,0
ESP32-01,18.54053848093054,73.93590814439618,2026-09-21 13:36:30,0
ESP32-01,18.522352732205587,73.85343485830482,2026-09-22 08:05:10,0
ESP32-01,18.528421032414546,73.86526194107859,2026-09-21 17:25:50,0
ESP32-01,18.517732708073073,73.85369814862372,2026-09-20 17:10:10,0
ESP32-01,18.576911909572495,73.85803950521809,2026-09-22 13:17:50,0
ESP32-01,18.521391888645958,73.85578979231069,2026-09-22 08:01:30,0
ESP32-01,18.512216442804814,73.85431644583441,2026-09-20 17:20:00,0
ESP32-01,18.567911270039186,73.93388013792365,2026-09-22 13:38:20,0
ESP32-01,18.51258486028004,73.85996287282101,2026-09-22 08:42:40,0
ESP32-01,18.525809868306677,73.85423560115235,2026-09-22 08:11:00,0
ESP32-01,18.525435631465268,73.85405253876978,2026-09-21 17:09:20,0
ESP32-01,18.502950543215164,73.880134179623,2026-09-21 13:08:00,0
ESP32-01,18.50557346224363,73.84986377040684,2026-09-20 08:30:00,0
ESP32-01,18.52554437652562,73.85419116209242,2026-09-21 17:09:30,0
ESP32-01,18.520407629402392,73.85688519546255,2026-09-22 08:28:40,0
ESP32-01,18.527672470705454,73.8676005184047,2026-09-22 13:02:50,0
ESP32-01,18.508177796075376,73.80197113995686,2026-09-20 13:17:40,0
ESP32-01,18.545691976223154,73.86910335970653,2026-09-22 13:08:20,0
ESP32-01,18.51898756424961,73.85381056769783,2026-09-20 08:03:50,0
ESP32-01,18.525713908346084,73.85417537372082,2026-09-22 08:10:50,0
ESP32-01,18.52171096623257,73.811644425763,2026-09-20 13:12:40,0
ESP32-01,18.535885455775134,73.84774330254278,2026-09-22 17:27:00,0
ESP32-01,18.510985875314287,73.85529738373987,2026-09-20 17:22:10,0
ESP32-01,18.50861437276377,73.85851393921388,2026-09-20 17:28:30,0
ESP32-01,18.56407182303927,73.92833171875978,2026-09-22 13:36:50,0
ESP32-01,18.52012631538787,73.85551917688248,2026-09-20 08:01:20,0
ESP32-01,18.500047652905792,73.85017617866565,2026-09-20 08:38:00,0
ESP32-01,18.45400843331168,73.76853029120936,2026-09-20 13:36:30,0
ESP32-01,18.5018552020517,73.8495480825792,2026-09-20 08:35:30,0
ESP32-01,18.522040723256637,73.85639172973934,2026-09-21 17:02:10,0
ESP32-01,18.526060840202444,73.85240087486916,2026-09-22 17:10:30,0
ESP32-01,18.519314718249863,73.85883256899436,2026-09-21 08:02:50,0
ESP32-01,18.480496327446907,73.76929582839871,2026-09-20 13:29:50,0
ESP32-01,18.52787181077088,73.86237218791958,2026-09-21 17:21:40,0
ESP32-01,18.519547487565156,73.85471561023395,2026-09-20 08:02:30,0
ESP32-01,18.514834142434715,73.85747789242016,2026-09-22 08:38:00,0
ESP32-01,18.524509665364423,73.85308074065044,2026-09-22 17:07:40,0
ESP32-01,18.500473610409514,73.94766226749228,2026-09-21 13:26:10,0
ESP32-01,18.52364150260907,73.85271805454384,2026-09-22 08:07:00,0
ESP32-01,18.531961887801653,73.85093360162486,2026-09-22 17:19:30,0
ESP32-01,18.527398316912997,73.86069632823498,2026-09-21 17:19:10,0
ESP32-01,18.518099610755083,73.85685477984671,2026-09-20 17:06:00,0
ESP32-01,18.58190976218298,73.868506763816,2026-09-22 13:21:00,0
ESP32-01,18.504026206987994,73.91979249082019,2026-09-21 13:17:20,0
ESP32-01,18.522239971311734,73.80573088368017,2026-09-20 13:14:00,0
ESP32-01,18.51372890571023,73.85858596512102,2026-09-21 08:33:00,0
ESP32-01,18.502530733711577,73.84943619709148,2026-09-20 08:34:30,0
ESP32-01,18.519548181078886,73.85867881330488,2026-09-21 08:02:30,0
ESP32-01,18.514915665894502,73.85889526324084,2026-09-21 08:31:30,0
ESP32-01,18.567329871446873,73.88738178611824,2026-09-22 13:26:20,0
ESP32-01,18.490090150829257,73.78096098181534,2026-09-20 13:24:20,0
ESP32-01,18.52074204329731,73.85728891921973,2026-09-22 13:00:00,0
ESP32-01,18.528239433456445,73.86561327853599,2026-09-21 17:26:20,0
ESP32-01,18.52604484645506,73.85679836775036,2026-09-21 17:13:10,0
ESP32-01,18.512318486755753,73.86146229577159,2026-09-21 08:24:10,0
ESP32-01,18.48435342615557,73.76688932172284,2026-09-20 13:28:40,0
ESP32-01,18.55291690664136,73.93937016427532,2026-09-21 13:39:50,0
ESP32-01,18.55776769159621,73.85446876753662,2026-09-22 13:13:10,0
ESP32-01,18.51879078681845,73.85793885624783,2026-09-20 17:04:20,0
ESP32-01,18.537127449673335,73.84707340960328,2026-09-22 17:28:50,0
ESP32-01,18.52184092235277,73.81032093140198,2026-09-20 13:13:00,0
ESP32-01,18.5592892461826,73.91092990594358,2026-09-22 13:32:50,0
ESP32-01,18.49663832596522,73.78578776336856,2026-09-20 13:22:10,0
ESP32-01,18.518049949989848,73.80267731840668,2026-09-20 13:15:20,0
ESP32-01,18.518900866094288,73.85346886472908,2026-09-20 08:04:20,0
ESP32-01,18.523608750491675,73.85492489512275,2026-09-21 17:05:10,0
ESP32-01,18.526058665184802,73.85694192599783,2026-09-21 17:13:20,0
ESP32-01,18.505942120427623,73.84978280959692,2026-09-20 08:29:30,0
ESP32-01,18.521883927799657,73.80445579939021,2026-09-20 13:14:20,0
ESP32-01,18.525593495170124,73.85490560633373,2026-09-21 17:10:30,0
ESP32-01,18.51264495590976,73.86216101625268,2026-09-21 08:38:20,0
ESP32-01,18.51215064665696,73.85882722847788,2026-09-21 08:19:20,0
ESP32-01,18.49756709848748,73.8507641294621,2026-09-20 08:42:00,0
ESP32-01,18.49132960364881,73.78112034647555,2026-09-20 13:24:00,0
ESP32-01,18.51829642467733,73.85521385342244,2026-09-20 17:08:00,0
ESP32-01,18.5181769317832,73.85588247281679,2026-09-20 17:07:10,0
ESP32-01,18.549729382343756,73.93867263353057,2026-09-21 13:39:00,0
ESP32-01,18.504137391629474,73.84938143655538,2026-09-20 08:32:10,0
ESP32-01,18.526838619735088,73.8567656314341,2026-09-22 08:15:30,0
ESP32-01,18.512323140513853,73.86182572857456,2026-09-21 08:24:40,0
ESP32-01,18.5592892461826,73.91092990594358,2026-09-22 13:32:50,0
ESP32-01,18.506460151683072,73.9498606048419,2026-09-21 13:27:50,0
ESP32-01,0.0,0.0,2026-09-20 13:29:10,0
ESP32-01,,73.86413061776975,2026-09-21 08:41:00,0
ESP32-01,18.52434306558989,73.93568937574214,2026-09-21 13:32:50,0
ESP32-01,18.5681299692605,73.8834724273346,2026-09-22 13:25:30,0
ESP32-01,18.51631786237658,73.85570309890996,2026-09-22 08:35:00,0
ESP32-01,18.47895336285205,73.77056297546953,2026-09-20 13:30:10,0
ESP32-01,18.524101793206633,73.85652702799223,2026-09-22 08:23:20,0
ESP32-01,18.47083942399168,73.77318630520588,2026-09-20 13:32:20,0
ESP32-01,18.525023301592785,73.85726141245205,2026-09-22 08:21:50,0
ESP32-01,18.475343572874692,73.77317434504434,2026-09-20 13:31:20,0
ESP32-01,18.581982717628875,73.86285348667593,2026-09-22 13:19:40,0
ESP32-01,18.567703834515054,73.93303615302517,2026-09-22 13:38:10,0
ESP32-01,18.52582416358112,73.85981239433622,2026-09-21 17:16:50,0
ESP32-01,18.513856173726477,73.85857001022399,2026-09-21 08:32:50,0
ESP32-01,18.51327591923961,73.80267168855053,2026-09-20 13:16:30,0
ESP32-01,18.457214490505336,73.76926675469872,2026-09-20 13:35:40,0
ESP32-01,18.522945713017993,73.8613641103225,2026-09-22 13:01:00,0
ESP32-01,18.67955882657137,73.84748747947171,2026-09-22 17:28:00,0
ESP32-01,18.5277072129599,73.83284999340884,2026-09-20 13:06:10,0
ESP32-01,18.527409847129974,73.84763221097454,2026-09-20 13:02:30,0
ESP32-01,18.51580475702902,73.85854310082775,2026-09-21 08:09:00,0
ESP32-01,18.576471305303492,73.85781151529687,2026-09-22 13:17:40,0
ESP32-01,18.515202422368613,73.84914899998174,2026-09-20 08:14:30,0
ESP32-01,18.512179373106054,73.85683183132039,2026-09-21 08:16:30,0
ESP32-01,18.514417628168868,73.85807733023407,2026-09-22 08:39:00,0
ESP32-01,18.528220289931895,73.8659568076137,2026-09-21 17:26:50,0
ESP32-01,18.514557721243495,73.85859933063493,2026-09-21 08:32:00,0
ESP32-01,18.532284450656316,73.85089338579878,2026-09-22 17:20:00,0
ESP32-01,18.52590786424293,73.857885827473,2026-09-21 17:14:30,0
ESP32-01,18.512701851771993,73.8628105218719,2026-09-21 08:39:10,0
ESP32-01,18.54077570344164,73.87370366675431,2026-09-22 13:06:40,0
ESP32-01,18.520488724732985,73.85678018300139,2026-09-21 17:00:00,0
ESP32-01,18.520620206218865,73.85664728820889,2026-09-22 17:00:10,0
ESP32-01,18.51821910424763,73.85646271884332,2026-09-22 08:32:10,0
ESP32-01,18.514777303638738,73.85756817401928,2026-09-22 08:38:10,0
ESP32-01,18.522317258014496,73.854139440951,2026-09-22 08:04:10,0
ESP32-01,18.51339031644167,73.85920084203013,2026-09-22 08:41:00,0
ESP32-01,18.525643196960402,73.85891102893878,2026-09-21 17:15:40,0
ESP32-01,18.513958933371214,73.85637225648938,2026-09-21 08:13:10,0
ESP32-01,18.5210958596134,73.85627789559938,2026-09-22 08:27:30,0
ESP32-01,18.525467429629103,73.85542958705727,2026-09-21 17:11:10,0
ESP32-01,18.514073038356674,73.84878913920089,2026-09-20 08:16:10,0
ESP32-01,18.567589653539436,73.88541855324253,2026-09-22 13:26:00,0
ESP32-01,18.52064417859556,73.85669983219599,2026-09-22 08:28:20,0
ESP32-01,18.56362587733759,73.85313887715556,2026-09-22 13:14:30,0
ESP32-01,18.509591929411403,73.84673792108397,2026-09-20 08:23:10,0
ESP32-01,18.51293065136162,73.865717482728,2026-09-21 08:43:50,0
ESP32-01,18.534893062631514,73.84971289485173,2026-09-22 17:24:00,0
ESP32-01,18.551154222302337,73.85802654488887,2026-09-22 13:11:20,0
ESP32-01,18.52130960278088,73.85653651435364,2026-09-22 17:01:10,0
ESP32-01,18.523678950929575,73.85466623176168,2026-09-21 17:05:30,0
ESP32-01,18.525951360624084,73.85244675533646,2026-09-22 17:10:20,0
ESP32-01,18.51229299588793,73.86077809022193,2026-09-21 08:23:10,0
ESP32-01,18.52268949643229,73.85583947995418,2026-09-22 08:25:20,0
ESP32-01,18.51285820100857,73.85953066097399,2026-09-21 08:34:50,0
ESP32-01,18.516191265306595,73.85588872381845,2026-09-22 08:35:20,0
ESP32-01,18.510951915006228,73.84678391985632,2026-09-20 08:21:20,0
ESP32-01,18.5118098332415,73.86034298410755,2026-09-21 08:22:10,0
ESP32-01,18.51165457726709,73.85904473842446,2026-09-21 08:20:00,0
ESP32-01,18.512687213046053,73.8619977854245,2026-09-21 08:38:00,0
ESP32-01,0.0,0.0,2026-09-22 17:27:10,0
ESP32-01,18.520160351442122,73.85823373661596,2026-09-20 17:02:00,0
ESP32-01,18.49599687183624,73.85055151207631,2026-09-20 08:44:00,0
ESP32-01,18.506833004241795,73.84880578289584,2026-09-20 08:27:40,0
ESP32-01,18.505223048597962,73.9140096714998,2026-09-21 13:16:00,0
ESP32-01,18.490142212931648,73.7736492049471,2026-09-20 13:26:20,1
ESP32-01,18.510331277053034,73.85733602333369,2026-09-20 17:25:30,0
ESP32-01,18.512194653779716,73.85442447876868,2026-09-20 17:20:10,0
ESP32-01,18.44746160508343,73.76615261411767,2026-09-20 13:38:00,0
ESP32-01,18.52336796942957,73.85276816910631,2026-09-22 08:06:40,0
ESP32-01,18.57639348173495,73.87396942858992,2026-09-22 13:22:50,0
ESP32-01,18.52538368695802,73.8540235477461,2026-09-22 08:10:20,0
ESP32-01,18.568046787503196,73.88258799591674,2026-09-22 13:25:20,0
ESP32-01,18.533396015479173,73.87096018550491,2026-09-22 13:04:40,0
ESP32-01,18.489526065173596,73.77089519029316,2026-09-20 13:27:00,0
ESP32-01,18.525672445149667,73.85463473110006,2026-09-21 17:10:10,0
ESP32-01,18.565928506648753,73.85325214972663,2026-09-22 13:15:00,0
ESP32-01,18.54573608667107,73.86348507872728,2026-09-22 13:09:40,0
ESP32-01,18.5174048805266,73.8494540640277,2026-09-20 08:11:20,0
ESP32-01,18.51321365246423,73.85287456554757,2026-09-20 17:17:50,0
ESP32-01,18.512303621067854,73.85837700536408,2026-09-21 08:18:40,0
ESP32-01,18.525978127408795,73.86003550638367,2026-09-21 17:17:10,0
ESP32-01,18.576911909572495,73.85803950521809,2026-09-22 13:17:50,0
ESP32-01,18.517564290782133,73.85346295115431,2026-09-20 17:10:30,0
ESP32-01,18.51870517169281,73.8185591896244,2026-09-20 13:10:40,0
ESP32-01,18.518234508579297,73.81587981746401,2026-09-20 13:11:20,0
ESP32-01,18.52364012135715,73.85363684991452,2026-09-22 17:06:10,0
ESP32-01,18.52131602470056,73.85601237560924,2026-09-22 08:27:10,0
ESP32-01,18.5103210737222,73.85749152648673,2026-09-20 17:25:40,0
ESP32-01,18.504011330643042,73.798831013217,2026-09-20 13:18:50,0
ESP32-01,18.52649767645513,73.85217140440027,2026-09-22 17:11:10,0
ESP32-01,18.518933893127482,73.8500384103147,2026-09-20 08:09:10,0
ESP32-01,18.52366756575024,73.85405187118016,2026-09-21 17:06:20,0
ESP32-01,18.51265624678262,73.86255066558222,2026-09-21 08:38:50,0
ESP32-01,18.512316613462374,73.86122804382397,2026-09-21 08:23:50,0
ESP32-01,18.528304871434543,73.86787883463299,2026-09-22 13:03:00,0
ESP32-01,18.51437628565854,73.86116215398965,2026-09-21 08:28:20,0
ESP32-01,18.56092819607528,73.89713019413253,2026-09-22 13:29:10,0
ESP32-01,18.506595561431887,73.84921634014336,2026-09-20 08:28:20,0
ESP32-01,18.506405503129127,73.84953081938261,2026-09-20 08:28:50,0
ESP32-01,18.499973732534528,73.92172974679745,2026-09-21 13:18:20,0
ESP32-01,18.512368376925217,73.8581259726428,2026-09-21 08:18:20,0
ESP32-01,18.51942659811717,73.82356578576832,2026-09-20 13:09:20,0
ESP32-01,18.44481314500433,73.76358959470014,2026-09-20 13:38:50,0
ESP32-01,18.538790881668827,73.93590926001325,2026-09-21 13:36:10,0
ESP32-01,,73.87280927989194,2026-09-22 13:06:10,0
ESP32-01,18.494243223014617,73.78208036253551,2026-09-20 13:23:10,0
ESP32-01,18.500453106446184,73.89815273255381,2026-09-21 13:12:10,0
ESP32-01,18.529133656529055,73.83936896763434,2026-09-20 13:04:30,0
ESP32-01,18.527736620415162,73.8620472758705,2026-09-21 17:21:10,0
ESP32-01,18.513629347655062,73.86748608224248,2026-09-21 13:03:50,0
ESP32-01,18.512737021336854,73.85995729191978,2026-09-21 08:35:30,0
ESP32-01,18.517142521244438,73.85975983894267,2026-09-21 08:06:20,0
ESP32-01,18.52868214429053,73.8644703428251,2026-09-21 17:24:40,0
ESP32-01,18.567815811155675,73.88480001381224,2026-09-22 13:25:50,0
ESP32-01,18.55055118103848,73.85833781762226,2026-09-22 13:11:10,0
ESP32-01,18.50973005342059,73.85820739060209,2026-09-20 17:26:50,0
ESP32-01,18.51063050093309,73.85572682970007,2026-09-20 17:23:00,0
ESP32-01,18.518036849770912,73.85639859415814,2026-09-20 17:06:30,0
ESP32-01,18.55921644646362,73.89827680081156,2026-09-22 13:29:40,0
ESP32-01,18.517448372146106,73.85995181698168,2026-09-21 08:05:50,0
ESP32-01,18.535374706997437,73.84831500290478,2026-09-22 17:25:50,0
ESP32-01,18.53292242197152,73.87069905049454,2026-09-22 13:04:30,0
ESP32-01,18.503135933109025,73.84922460286512,2026-09-20 08:33:30,0
ESP32-01,18.525771541263076,73.8524680687733,2026-09-22 17:10:00,0
ESP32-01,18.514003736883996,73.86148159434478,2026-09-21 08:27:40,0
ESP32-01,18.519337654414812,73.85828078359732,2026-09-20 17:03:30,0
ESP32-01,0.0,0.0,2026-09-20 13:22:50,0
ESP32-01,18.503419388966623,73.84925511873088,2026-09-20 08:33:10,0
ESP32-01,18.46500899310263,73.77119975658994,2026-09-20 13:33:50,0
ESP32-01,18.51848510548175,73.85903240671493,2026-09-21 08:04:00,0
ESP32-01,18.51414139238499,73.85851042387378,2026-09-21 08:32:30,0
ESP32-01,18.514934869251835,73.8597927701024,2026-09-21 08:30:20,0
ESP32-01,18.545122545219872,73.86465753022023,2026-09-22 13:09:20,0
ESP32-01,18.526903597476572,73.8548071219713,2026-09-22 08:12:50,0
ESP32-01,18.501492061016293,73.8495655323088,2026-09-20 08:36:00,0
ESP32-01,,73.85801058996691,2026-09-22 08:20:20,0
ESP32-01,18.497455541123855,73.85075841740633,2026-09-20 08:42:10,0
ESP32-01,18.508267440474143,73.84748096080442,2026-09-20 08:25:20,0
ESP32-01,18.52106838617409,73.85603127868048,2026-09-22 08:01:00,0
ESP32-01,18.511169968610428,73.85990185598206,2026-09-21 08:21:10,0
ESP32-01,18.513798238277356,73.85884452832379,2026-09-22 08:40:10,0
ESP32-01,18.46101898893763,73.77048985974234,2026-09-20 13:34:40,0
ESP32-01,18.528169157064248,73.86616333790937,2026-09-21 17:27:10,0
ESP32-01,18.55961085036761,73.89796782127885,2026-09-22 13:29:30,0
ESP32-01,18.52701980356752,73.85887041563836,2026-09-22 08:18:20,0
ESP32-01,18.51413798663988,73.86135334155946,2026-09-21 08:28:00,0
ESP32-01,18.57469714358528,73.85636970881625,2026-09-22 13:17:10,0
ESP32-01,18.522981940511375,73.85434404494484,2026-09-22 17:04:40,0
ESP32-01,18.528702474767396,73.86420534504606,2026-09-21 17:24:20,0
ESP32-01,18.519410702853012,73.85835094121093,2026-09-20 17:03:20,0
ESP32-01,18.52389282410032,73.8535930301887,2026-09-21 17:07:00,0
ESP32-01,18.55406507663874,73.8556531715196,2026-09-22 13:12:10,0
ESP32-01,18.528248911043008,73.86586242082255,2026-09-21 17:26:40,0
ESP32-01,18.498882361773706,73.85108490620908,2026-09-20 08:40:00,0
ESP32-01,18.581989908210197,73.86377068654512,2026-09-22 13:19:50,0
ESP32-01,18.525488376129797,73.93513894350349,2026-09-21 13:33:10,0
ESP32-01,18.504780984343853,73.84973823099595,2026-09-20 08:31:10,0
ESP32-01,18.498181412735946,73.85094228480924,2026-09-20 08:41:00,0
ESP32-01,18.501863605950202,73.90042082349932,2026-09-21 13:12:50,0
ESP32-01,18.524820910610835,73.85711057641018,2026-09-22 08:22:10,0
ESP32-01,18.512659935819144,73.94698894322471,2026-09-21 13:29:30,0
ESP32-01,18.472348453670403,73.77307653324218,2026-09-20 13:32:00,0
ESP32-01,18.520207457339573,73.85697507302199,2026-09-21 08:00:20,0
ESP32-01,18.52953204385064,73.83595884638014,2026-09-20 13:05:20,0
ESP32-01,18.5268474358439,73.84886542476059,2026-09-20 13:02:10,0
ESP32-01,18.500657975028815,73.89888802911551,2026-09-21 13:12:20,0
ESP32-01,18.443673729447834,73.76272441743134,2026-09-20 13:39:10,0
ESP32-01,18.51997116946596,73.8584833206458,2026-09-20 17:02:30,0
ESP32-01,0.0,0.0,2026-09-20 13:08:30,0
ESP32-01,18.51529502401412,73.85716025347028,2026-09-22 08:37:20,0
ESP32-01,18.52777035434845,73.86684418162217,2026-09-21 17:28:10,0
ESP32-01,18.526380560191964,73.86017428781423,2026-09-21 17:17:40,0
ESP32-01,18.5126843637819,73.85314084417934,2026-09-20 17:18:30,0
ESP32-01,18.521608070018445,73.85645080691849,2026-09-21 17:01:40,0
ESP32-01,18.5122143010894,73.9478089132456,2026-09-21 13:29:20,0
ESP32-01,18.51178660781645,73.84697322574756,2026-09-20 08:20:20,0
ESP32-01,18.51276947680624,73.86246185594116,2026-09-21 13:02:40,0
ESP32-01,18.52041045873144,73.85677591882472,2026-09-20 17:00:00,0
ESP32-01,18.525426919232583,73.85062594830544,2026-09-20 13:01:40,0
ESP32-01,18.525681900020693,73.85780851940824,2026-09-22 08:20:40,0
ESP32-01,18.523438775122443,73.85397278578164,2026-09-22 17:05:30,0
ESP32-01,18.528540244365445,73.86491001319227,2026-09-21 17:25:20,0
ESP32-01,18.52543978421165,73.85752950092589,2026-09-22 08:21:10,0
ESP32-01,18.514873704523666,73.8601946385755,2026-09-21 08:29:50,0
ESP32-01,18.490526921517784,73.92991338675068,2026-09-21 13:21:30,0
ESP32-01,18.52529625802618,73.8539317057468,2026-09-22 08:10:10,0
ESP32-01,18.50521686160651,73.94998641102727,2026-09-21 13:27:30,0
ESP32-01,18.51990013753186,73.94123895905511,2026-09-21 13:31:30,0
ESP32-01,18.515143510887317,73.857239010558,2026-09-21 08:11:00,0
ESP32-01,18.509016285034207,73.85848767351955,2026-09-20 17:27:50,0
ESP32-01,18.520352401404487,73.85779022446732,2026-09-20 17:01:20,0
ESP32-01,18.51428359275442,73.85814506844198,2026-09-22 08:39:10,0
ESP32-01,18.544905469585302,73.87065554824899,2026-09-22 13:08:00,0
ESP32-01,18.517579909478126,73.84943472694482,2026-09-20 08:11:10,0
ESP32-01,18.519308360106596,73.81953334158871,2026-09-20 13:10:20,0
ESP32-01,18.51796126734968,73.85396099688407,2026-09-20 17:09:40,0
ESP32-01,18.500967495580138,73.89037794794912,2026-09-21 13:10:20,0
ESP32-01,18.525902290854425,73.85994307425386,2026-09-21 17:17:00,0
ESP32-01,18.58103609861351,73.8601058517479,2026-09-22 13:19:00,0
ESP32-01,18.50446558657116,73.95014600193187,2026-09-21 13:27:20,0
ESP32-01,18.4651605899574,73.77132782690455,2026-09-20 13:33:40,0
ESP32-01,18.512789210496848,73.85973183509284,2026-09-21 08:35:10,0
ESP32-01,18.528571203366266,73.93516259686406,2026-09-21 13:34:00,0
ESP32-01,18.52666699917342,73.85441104724534,2026-09-22 08:12:10,0
ESP32-01,18.520426999856983,73.85684865536584,2026-09-20 17:00:10,0
ESP32-01,18.5687553468557,73.85337782315693,2026-09-22 13:15:40,0
ESP32-01,18.46179466621248,73.77054271629925,2026-09-20 13:34:30,0
ESP32-01,18.53350303958924,73.85062882212007,2026-09-22 17:21:40,0
ESP32-01,18.52394009497066,73.85632293579643,2026-09-22 08:23:40,0
ESP32-01,18.521547344999608,73.82792439211227,2026-09-20 13:08:00,0
ESP32-01,18.527181021538485,73.86051636595988,2026-09-21 17:18:50,0
ESP32-01,18.525513243502992,73.85529451671344,2026-09-21 17:11:00,0
ESP32-01,18.57783197210631,73.85826257527013,2026-09-22 13:18:00,0
ESP32-01,18.51710028627725,73.85262113399108,2026-09-20 17:11:50,0
ESP32-01,18.51046035568195,73.84695027140975,2026-09-20 08:22:00,0
ESP32-01,0.0,0.0,2026-09-22 13:37:00,0
ESP32-01,18.533315029149794,73.93598618141813,2026-09-21 13:35:00,0
ESP32-01,18.519039122141933,73.85727573776055,2026-09-21 13:00:10,0
ESP32-01,18.5222952968695,73.85376737071203,2026-09-22 08:04:40,0
ESP32-01,18.51442405872173,73.85204181373247,2026-09-20 17:15:40,0
ESP32-01,18.514161262021982,73.80276073674585,2026-09-20 13:16:20,0
ESP32-01,18.516797326173606,73.8594974452563,2026-09-21 08:07:00,0
ESP32-01,18.526850763071224,73.85756899504511,2026-09-22 08:16:30,0
ESP32-01,18.51132770436923,73.84682162901387,2026-09-20 08:20:50,1
ESP32-01,18.517689937150074,73.85606019289332,2026-09-22 08:33:00,0
ESP32-01,18.512314865185527,73.86113782514656,2026-09-21 08:23:40,0
ESP32-01,18.511392767000707,73.94864666139526,2026-09-21 13:29:00,0
ESP32-01,18.497097161913597,73.8507206571371,2026-09-20 08:42:40,0
ESP32-01,18.51805588436686,73.8562970364956,2026-09-20 17:06:40,0
ESP32-01,18.521353386869094,73.85648403607892,2026-09-21 17:01:20,0
ESP32-01,18.512886778592772,73.85941268895107,2026-09-21 08:34:40,0
ESP32-01,18.529016016412985,73.84541901402956,2026-09-20 13:03:10,0
ESP32-01,18.536220799809158,73.84757918534571,2026-09-22 17:27:30,0
ESP32-01,18.51319360325034,73.85594991859654,2026-09-21 08:14:30,0
ESP32-01,18.51593305466596,73.84897055861992,2026-09-20 08:13:30,0
ESP32-01,18.519085705019375,73.85024442559119,2026-09-20 08:08:50,0
ESP32-01,18.512601516522146,73.85623444764335,2026-09-21 08:15:30,0
ESP32-01,18.539457027641607,73.93585654919252,2026-09-21 13:36:20,0
ESP32-01,18.51830519574616,73.85535813329557,2026-09-20 17:07:50,0
ESP32-01,18.521888355660376,73.85581549889166,2026-09-22 08:26:30,0
ESP32-01,18.51920677484482,73.85176574752653,2026-09-20 08:06:40,0
ESP32-01,18.518645094200448,73.94248237633938,2026-09-21 13:31:00,0
ESP32-01,18.523536598821753,73.85521484081595,2026-09-21 17:04:50,0
ESP32-01,18.49639721745833,73.85061086997763,2026-09-20 08:43:30,0
ESP32-01,18.510021157382898,73.85798508943064,2026-09-20 17:26:20,0
ESP32-01,18.50347141489268,73.90276154259739,2026-09-21 13:13:30,0
ESP32-01,18.515668540552824,73.84903128039082,2026-09-20 08:13:50,0
ESP32-01,18.513098796914463,73.94618764804272,2026-09-21 13:29:40,0
ESP32-01,18.527701571841195,73.86118194070062,2026-09-21 17:20:00,0
ESP32-01,18.70776521826371,73.87324103547958,2026-09-22 13:06:20,0
ESP32-01,18.525870547944614,73.8564347927968,2026-09-21 17:12:40,0
ESP32-01,18.51284999380457,73.86324001027882,2026-09-21 13:02:50,0
ESP32-01,18.518881946801645,73.85302229369408,2026-09-20 08:05:00,0
ESP32-01,18.520449752502902,73.85714182010899,2026-09-20 17:00:30,0
ESP32-01,18.49072545450067,73.93394982253295,2026-09-21 13:22:20,0
ESP32-01,18.53090512594368,73.85097772602231,2026-09-22 17:18:00,0
ESP32-01,18.565297855525902,73.89430000098686,2026-09-22 13:28:00,0
ESP32-01,18.498915355893764,73.9460318913317,2026-09-21 13:25:40,0
ESP32-01,18.52680618995604,73.85740558354787,2026-09-22 08:16:20,0
ESP32-01,18.511358122999138,73.86055214557754,2026-09-22 08:44:40,0
ESP32-01,18.523042974176473,73.85293309707897,2026-09-22 08:06:10,0
ESP32-01,18.558588188511745,73.85471570059926,2026-09-22 13:13:20,0
ESP32-01,18.543636109250823,73.87254493826995,2026-09-22 13:07:30,0
ESP32-01,18.52733303153884,73.86726587502883,2026-09-21 17:29:00,0
ESP32-01,18.530985035153392,73.85090640033818,2026-09-22 17:18:10,0
ESP32-01,18.535430204722303,73.84874852733849,2026-09-22 17:25:20,0
ESP32-01,18.51925557075814,73.85082400841455,2026-09-20 08:08:00,0
ESP32-01,18.526609226045395,73.86023276358637,2026-09-21 17:18:00,0
ESP32-01,18.514263028060835,73.86122554051336,2026-09-21 08:28:10,0
ESP32-01,18.468434361521133,73.77270302999254,2026-09-20 13:32:50,0
ESP32-01,18.513187656840362,73.85887733338006,2026-09-21 08:33:50,0
ESP32-01,18.508198344296428,73.84760987059727,2026-09-20 08:25:30,0
ESP32-01,18.545238809796437,73.86538783028078,2026-09-22 13:09:10,0
ESP32-01,18.53539543943675,73.8486059217537,2026-09-22 17:25:30,0
ESP32-01,18.500257631509097,73.79139205316655,2026-09-20 13:20:40,0
ESP32-01,18.511607267569172,73.8468826805921,2026-09-20 08:20:30,0
ESP32-01,18.52205312689554,73.8050009377143,2026-09-20 13:14:10,0
ESP32-01,18.51204054671979,73.86491875450443,2026-09-21 08:42:10,0
ESP32-01,0.0,0.0,2026-09-20 08:22:20,0
ESP32-01,18.513246813496636,73.86842390396264,2026-09-21 13:04:10,0
ESP32-01,18.49565483644092,73.85039854802262,2026-09-20 08:44:40,0
ESP32-01,18.503173274772816,73.79712042372716,2026-09-20 13:19:10,0
ESP32-01,18.514089945590428,73.85239932557008,2026-09-20 17:16:30,0
ESP32-01,18.50109014308894,73.84983308666325,2026-09-20 08:36:40,0
ESP32-01,18.519208403217007,73.85166485176786,2026-09-20 08:06:50,0
ESP32-01,18.50120735379478,73.84976273706664,2026-09-20 08:36:30,0
ESP32-01,18.515301258604932,73.8521108872127,2026-09-20 17:14:30,0
ESP32-01,18.52436828095645,73.85341341433663,2026-09-22 08:08:40,0
ESP32-01,18.52595862366099,73.85653117598864,2026-09-21 17:12:50,0
ESP32-01,18.528465753868566,73.86513338645635,2026-09-21 17:25:40,0
ESP32-01,18.508710252084907,73.85853211846066,2026-09-20 17:28:20,0
ESP32-01,18.541343281515434,73.9362823731547,2026-09-21 13:36:40,0
ESP32-01,18.52005221063122,73.8584393892915,2026-09-20 17:02:20,0
ESP32-01,18.502001690362572,73.88498379829024,2026-09-21 13:09:10,0
ESP32-01,18.518562335070808,73.8573610005479,2026-09-20 17:05:10,0
ESP32-01,18.52540616859926,73.85601817821507,2026-09-21 17:11:50,0
ESP32-01,18.51754133960611,73.85591005258212,2026-09-22 08:33:20,0
ESP32-01,18.52712632446847,73.8581083880583,2026-09-22 08:17:10,0
ESP32-01,0.0,0.0,2026-09-22 17:26:40,0
ESP32-01,18.52233486254777,73.85574790590559,2026-09-22 08:25:50,0
ESP32-01,18.503979681636697,73.9070948648295,2026-09-21 13:14:30,0
ESP32-01,18.517769644072246,73.85613943972308,2026-09-22 08:32:50,0
ESP32-01,18.522393576500935,73.85992316691184,2026-09-22 13:00:40,0
ESP32-01,18.54692596191183,73.93814307367468,2026-09-21 13:38:10,0
ESP32-01,18.54952445704747,73.85932656301182,2026-09-22 13:10:50,0
ESP32-01,,73.8521249641724,2026-09-22 17:16:00,0
ESP32-01,18.524929350254126,73.85308125845324,2026-09-22 17:08:20,0
ESP32-01,18.532374776107144,73.87048144624993,2026-09-22 13:04:20,0
ESP32-01,18.529837616677103,73.85211713200272,2026-09-22 17:15:50,0
ESP32-01,,73.92711012961259,2026-09-21 13:20:50,0
ESP32-01,18.510445432374116,73.85701032013851,2026-09-20 17:25:00,0
ESP32-01,18.504161361973058,73.90495584349061,2026-09-21 13:14:00,0
ESP32-01,18.518006934995647,73.81741350310509,2026-09-20 13:11:00,0
ESP32-01,18.499700194297688,73.85039985438588,2026-09-20 08:38:40,0
ESP32-01,18.536853009758264,73.84737029107546,2026-09-22 17:28:20,0
ESP32-01,18.502769132312014,73.84929881010098,2026-09-20 08:34:10,0
ESP32-01,18.57071668760904,73.87742135944876,2026-09-22 13:24:10,0
ESP32-01,18.50382416551177,73.90345553480982,2026-09-21 13:13:40,0
ESP32-01,18.520109254545595,73.85711217494921,2026-09-21 08:00:30,0
ESP32-01,18.526323664227196,73.85428784990584,2026-09-22 08:11:40,0
ESP32-01,18.523769368894122,73.93624506052107,2026-09-21 13:32:40,0
ESP32-01,18.51625690153331,73.85577291655123,2026-09-22 08:35:10,0
ESP32-01,18.52672654892462,73.86026751254707,2026-09-21 17:18:10,0
ESP32-01,18.525145829584247,73.93530267516932,2026-09-21 13:33:00,0
ESP32-01,18.50767646055847,73.84791590853789,2026-09-20 08:26:10,0
ESP32-01,18.520896637493472,73.93953161844203,2026-09-21 13:31:50,0
ESP32-01,,73.8337684672195,2026-09-20 13:05:50,0
ESP32-01,18.653471617588195,73.85662190899693,2026-09-20 17:24:20,0
ESP32-01,18.497887627357414,73.7885655876392,2026-09-20 13:21:30,0
ESP32-01,18.51241611029612,73.85786744848127,2026-09-21 08:18:00,0
ESP32-01,18.52829856201064,73.85221386252904,2026-09-22 17:13:40,0
ESP32-01,18.513059057657,73.85290836979169,2026-09-20 17:18:00,0
ESP32-01,18.441683891688125,73.76217330596371,2026-09-20 13:39:40,0
ESP32-01,18.52689420794365,73.8589400196467,2026-09-22 08:18:30,0
ESP32-01,18.516394274146215,73.85935466485806,2026-09-21 08:07:40,0
ESP32-01,18.524492910969727,73.85334648656007,2026-09-21 17:07:50,0
ESP32-01,18.565105692646643,73.89496844380321,2026-09-22 13:28:10,0
ESP32-01,18.490546236350923,73.92941981833859,2026-09-21 13:21:20,0
ESP32-01,18.51485779314253,73.86046326414183,2026-09-21 08:29:30,0
ESP32-01,18.474750076461103,73.77314769419432,2026-09-20 13:31:30,0
ESP32-01,18.52233486254777,73.85574790590559,2026-09-22 08:25:50,0
ESP32-01,,73.84948821881001,2026-09-20 08:10:20,0
ESP32-01,18.53067050134989,73.85131878432394,2026-09-22 17:17:30,0
ESP32-01,18.494686805636604,73.9385570804474,2026-09-21 13:23:40,0
ESP32-01,18.52796680607654,73.8521079427333,2026-09-22 17:13:10,0
ESP32-01,18.475788560513767,73.77323188904488,2026-09-20 13:31:10,0
ESP32-01,18.502155934755326,73.92095977274818,2026-09-21 13:17:50,0
ESP32-01,18.51490621796712,73.86008793208927,2026-09-21 08:30:00,0
ESP32-01,18.512131864947175,73.85690615262067,2026-09-21 08:16:40,0
ESP32-01,18.581472371465,73.86147655174412,2026-09-22 13:19:20,0
ESP32-01,18.52607851519133,73.86007943376137,2026-09-21 17:17:20,0
ESP32-01,18.51478217894192,73.85705417404158,2026-09-21 08:11:40,0
ESP32-01,18.512973684875554,73.86574899189809,2026-09-21 08:44:00,0
ESP32-01,18.51063505702445,73.85600045944797,2026-09-20 17:23:20,0
ESP32-01,18.52867552705338,73.864099315585,2026-09-21 17:24:10,0
ESP32-01,18.50597445386562,73.80100400621384,2026-09-20 13:18:10,0
ESP32-01,18.518069614391383,73.85451499507535,2026-09-20 17:09:00,0
ESP32-01,18.536959210093702,73.87234066500135,2026-09-22 13:05:40,0
ESP32-01,18.51311488065793,73.86589869846699,2026-09-21 08:44:20,0
ESP32-01,18.51595940415806,73.85887604769093,2026-09-21 08:08:30,0
ESP32-01,18.49446821692154,73.92331689173868,2026-09-21 13:19:40,0
ESP32-01,18.499768463138736,73.85029786100252,2026-09-20 08:38:30,0
ESP32-01,18.52768931402233,73.86106363230789,2026-09-21 17:19:50,0
ESP32-01,18.504787451293165,73.79942749987133,2026-09-20 13:18:40,0
ESP32-01,18.527708271785187,73.86137792360672,2026-09-21 17:20:10,0
ESP32-01,18.517028107733275,73.84925568777726,2026-09-20 08:12:00,0
ESP32-01,18.526228271242374,73.85428117806302,2026-09-22 08:11:30,0
ESP32-01,18.543023324870212,73.93709515569024,2026-09-21 13:37:10,0
ESP32-01,18.506474799242657,73.84933708593515,2026-09-20 08:28:30,0
ESP32-01,18.51068063721718,73.9488463846991,2026-09-21 13:28:50,0
ESP32-01,18.506718850392737,73.84905623613822,2026-09-20 08:28:00,0
ESP32-01,18.503602414191118,73.95005758780398,2026-09-21 13:27:10,0
ESP32-01,18.521545866082096,73.85502093518494,2026-09-20 13:00:20,0
ESP32-01,18.487907830262884,73.77943904776397,2026-09-20 13:25:00,0
ESP32-01,18.527180702584836,73.85820439650057,2026-09-22 08:17:20,0
ESP32-01,,73.85477727677647,2026-09-22 13:13:40,0
ESP32-01,18.525308200683774,73.85267439462038,2026-09-22 17:09:10,0
ESP32-01,18.518827281363553,73.84996451220654,2026-09-20 08:09:20,0
ESP32-01,18.521498692400172,73.85642934724436,2026-09-21 17:01:30,0
ESP32-01,18.526029439305834,73.8566919406877,2026-09-21 17:13:00,0
ESP32-01,18.522417820565884,73.8548700950758,2026-09-22 08:03:10,0
ESP32-01,18.519156028767462,73.85202716504821,2026-09-20 08:06:20,1
ESP32-01,18.528221011646956,73.83343110512934,2026-09-20 13:06:00,0
ESP32-01,18.52022422928872,73.85579680758553,2026-09-20 08:01:00,0
ESP32-01,18.512703475135556,73.85616725180223,2026-09-21 08:15:20,0
ESP32-01,18.494862511714416,73.78280530617636,2026-09-20 13:23:00,0
ESP32-01,18.546357415970114,73.86296344012986,2026-09-22 13:09:50,0
ESP32-01,18.512775984979424,73.85611879351403,2026-09-21 08:15:10,0
ESP32-01,18.519047686674035,73.85799115363965,2026-09-20 17:04:00,0
ESP32-01,18.5169735667556,73.85244183304609,2026-09-20 17:12:10,0
ESP32-01,18.562338241630712,73.91617307009555,2026-09-22 13:34:10,0
ESP32-01,18.513693760264932,73.84836431442166,2026-09-20 08:17:00,0
ESP32-01,18.520280980745078,73.8569279871957,2026-09-22 08:28:50,0
ESP32-01,18.528629909368725,73.86397157316621,2026-09-21 17:24:00,0
ESP32-01,18.541243394142995,73.87364967111999,2026-09-22 13:06:50,0
ESP32-01,18.535750705040222,73.93602850176883,2026-09-21 13:35:30,0
ESP32-01,18.511378251575756,73.85937910250132,2026-09-21 08:20:30,0
ESP32-01,18.522629543914753,73.82877415805079,2026-09-20 13:07:40,0
ESP32-01,18.52230273782534,73.85500087774217,2026-09-22 08:03:00,0
ESP32-01,18.566238013529173,73.93095254098588,2026-09-22 13:37:40,0
ESP32-01,18.520386052965197,73.85753225090899,2026-09-20 17:01:00,0
ESP32-01,18.53505134833924,73.93588050290116,2026-09-21 13:35:20,0
ESP32-01,18.5652668228799,73.89376689500564,2026-09-22 13:27:50,0
ESP32-01,18.51914970606741,73.85805777909414,2026-09-20 17:03:50,0
ESP32-01,18.52784282748825,73.85211832454128,2026-09-22 17:13:00,0
ESP32-01,18.521204433121667,73.85550714634483,2026-09-20 13:00:10,0
ESP32-01,18.51802767100778,73.85654678085857,2026-09-20 17:06:20,0
ESP32-01,18.517521312052292,73.85772231808677,2026-09-21 13:00:40,0
ESP32-01,18.56007857191252,73.91226219754611,2026-09-22 13:33:10,0
ESP32-01,18.581865472105132,73.86923768597421,2026-09-22 13:21:10,0
ESP32-01,18.515216539782752,73.85207173076356,2026-09-20 17:14:40,0
ESP32-01,18.571764207553297,73.85454263883435,2026-09-22 13:16:20,0
ESP32-01,18.51781817984671,73.85381195608764,2026-09-20 17:10:00,0
ESP32-01,18.516767909994563,73.84916413783269,2026-09-20 08:12:20,0
ESP32-01,18.518243968956266,73.84961909953032,2026-09-20 08:10:10,0
ESP32-01,18.545691976223154,73.86910335970653,2026-09-22 13:08:20,0
ESP32-01,18.51180403423541,73.85900455554155,2026-09-21 08:19:50,0
ESP32-01,18.498399462732454,73.85103798359297,2026-09-20 08:40:40,0
ESP32-01,18.504078218119066,73.90844962754053,2026-09-21 13:14:50,0
ESP32-01,18.551882075384807,73.8575447489,2026-09-22 13:11:30,0
ESP32-01,18.518070347041952,73.85633309676969,2026-09-22 08:32:20,0
ESP32-01,18.513384204016845,73.84814452566685,2026-09-20 08:17:30,0
ESP32-01,18.509494803858914,73.85834317046853,2026-09-20 17:27:10,0
ESP32-01,18.511109460624358,73.85525474207864,2026-09-20 17:22:00,0
ESP32-01,18.520528382480997,73.85641958425624,2026-09-22 08:00:10,0
ESP32-01,18.510302535588224,73.85763374130761,2026-09-20 17:25:50,0
ESP32-01,18.440952678749696,73.76193963760456,2026-09-20 13:39:50,0
ESP32-01,18.51058735591442,73.84692265014199,2026-09-20 08:21:50,0
ESP32-01,18.4833046111818,73.767260538216,2026-09-20 13:29:00,0
ESP32-01,18.51484321760151,73.8605979718647,2026-09-21 08:29:20,0
ESP32-01,18.523407835723294,73.85406958533343,2026-09-22 17:05:20,0
ESP32-01,18.574764347208486,73.87462774307502,2026-09-22 13:23:10,0
ESP32-01,18.579034344746383,73.85839236011383,2026-09-22 13:18:20,0
ESP32-01,18.524074297842645,73.85337849019214,2026-09-22 17:06:50,0
ESP32-01,18.518708715988584,73.84990425151977,2026-09-20 08:09:30,0
ESP32-01,18.56827909948337,73.88194529121381,2026-09-22 13:25:10,0
ESP32-01,18.53141496897554,73.93559052514728,2026-09-21 13:34:30,0
ESP32-01,18.563385590521648,73.92126897184312,2026-09-22 13:35:10,0
ESP32-01,18.515359332256804,73.84909356067547,2026-09-20 08:14:20,0
ESP32-01,18.533378004563815,73.85071260358424,2026-09-22 17:21:30,0
ESP32-01,18.5138478308306,73.85617221213896,2026-09-21 08:13:30,0
ESP32-01,18.527331355216482,73.85191194091884,2026-09-22 17:12:20,0
ESP32-01,18.519207862841153,73.85889129949864,2026-09-21 08:03:00,0
ESP32-01,18.49659251869969,73.94306310937606,2026-09-21 13:24:50,0
ESP32-01,18.54257932145628,73.87333108034757,2026-09-22 13:07:10,0
ESP32-01,18.52680336567114,73.85450976948435,2026-09-22 08:12:20,0
ESP32-01,18.545312352839435,73.86973976705278,2026-09-22 13:08:10,0
ESP32-01,18.518684553058538,73.85771303306659,2026-09-20 17:04:40,0
ESP32-01,18.53009640250732,73.86904452064987,2026-09-22 13:03:30,0
ESP32-01,18.526080188124734,73.8573424681404,2026-09-21 17:13:50,0
ESP32-01,18.523854738074053,73.85347447604806,2026-09-22 17:06:30,0
ESP32-01,18.523249470120273,73.85285728057295,2026-09-22 08:06:30,0
ESP32-01,18.488550395046868,73.78074440153908,2026-09-20 13:24:40,0
ESP32-01,18.53253104810631,73.8508723894679,2026-09-22 17:20:20,0
ESP32-01,18.498018149605237,73.92192574002301,2026-09-21 13:18:50,0
ESP32-01,18.563242626202594,73.92697241313445,2026-09-22 13:36:30,0
ESP32-01,18.52161961393831,73.85562943874427,2026-09-22 08:01:50,0
ESP32-01,18.51361465457343,73.86188840092805,2026-09-21 08:26:50,0
ESP32-01,18.529426909210148,73.8521096389252,2026-09-22 17:15:20,0
ESP32-01,18.565372986059362,73.92994612781857,2026-09-22 13:37:20,0
ESP32-01,18.557239629141883,73.90373207674452,2026-09-22 13:31:00,0
ESP32-01,18.522649582199616,73.85468440152188,2026-09-22 17:04:00,0
ESP32-01,18.522254461542353,73.853591053757,2026-09-22 08:04:50,0
ESP32-01,18.56733849954136,73.93230585081439,2026-09-22 13:38:00,0
ESP32-01,18.525639010676,73.8525622041738,2026-09-22 17:09:50,0
ESP32-01,18.529169414273866,73.83438516984936,2026-09-20 13:05:40,0
ESP32-01,18.512056802128402,73.8605131125586,2026-09-22 08:43:50,0
ESP32-01,18.49255461505777,73.93609454879304,2026-09-21 13:23:00,0
ESP32-01,18.51836613875641,73.81813041611986,2026-09-20 13:10:50,0
ESP32-01,18.51081293388531,73.87553498798768,2026-09-21 13:05:50,0
ESP32-01,18.517912301606195,73.85390050256727,2026-09-20 17:09:50,0
ESP32-01,18.51508453640469,73.84918519088845,2026-09-20 08:14:40,0
ESP32-01,18.514883963167946,73.85956598972393,2026-09-21 08:30:40,0
ESP32-01,18.527697523690033,73.85205112184268,2026-09-22 17:12:50,0
ESP32-01,18.52184092235277,73.81032093140198,2026-09-20 13:13:00,0
ESP32-01,18.51866938229511,73.85900628587711,2026-09-21 08:03:40,0
ESP32-01,18.52116507265081,73.85658072372239,2026-09-22 17:01:00,0
ESP32-01,18.53294826598647,73.85088485584866,2026-09-22 17:20:50,0
ESP32-01,18.526126710450637,73.85834777722883,2026-09-22 08:19:50,0
ESP32-01,18.500975049883376,73.84985608584395,2026-09-20 08:36:50,0
ESP32-01,18.52077140135305,73.82764754895157,2026-09-20 13:08:10,0
ESP32-01,18.521899387209853,73.85560841313328,2026-09-22 17:02:30,0
ESP32-01,18.51494695302269,73.8589945088004,2026-09-21 08:31:20,0
ESP32-01,18.526294421397274,73.85226910256426,2026-09-22 17:10:50,0
ESP32-01,18.51200149145747,73.86041133931701,2026-09-21 08:22:30,0
ESP32-01,18.500588433410144,73.89618123013919,2026-09-21 13:11:40,0
ESP32-01,18.51616163548185,73.8560144566068,2026-09-22 08:35:30,0
ESP32-01,18.509720390178888,73.84679062573747,2026-09-20 08:23:00,0
ESP32-01,18.507121316861497,73.84851851527948,2026-09-20 08:27:10,0
ESP32-01,18.52428401578839,73.8531775059758,2026-09-22 17:07:20,0
ESP32-01,18.517885990871157,73.85622102391424,2026-09-22 08:32:40,0
ESP32-01,18.51978280856716,73.85685675816954,2026-09-21 13:00:00,0
ESP32-01,18.518700379499542,73.85729993708922,2026-09-22 08:31:00,0
ESP32-01,18.55291690664136,73.93937016427532,2026-09-21 13:39:50,0
ESP32-01,18.52006913558695,73.85695984576721,2026-09-22 08:29:10,0
ESP32-01,18.527409847129974,73.84763221097454,2026-09-20 13:02:30,0
ESP32-01,18.533276614452138,73.85078285352802,2026-09-22 17:21:20,0
ESP32-01,18.526642031330105,73.85215107533827,2026-09-22 17:11:20,0
ESP32-01,,73.85471410695327,2026-09-20 17:20:30,0
ESP32-01,18.52818236110363,73.85216135642037,2026-09-22 17:13:30,0
ESP32-01,18.510742729939146,73.8565071645188,2026-09-20 17:24:10,0
ESP32-01,18.519438090848766,73.85462136583644,2026-09-20 08:02:40,0
ESP32-01,18.582353244724494,73.86513484732252,2026-09-22 13:20:10,0
ESP32-01,18.525429527820823,73.85557781810871,2026-09-21 17:11:20,0
ESP32-01,18.509868910797177,73.8468399941332,2026-09-20 08:22:50,0
ESP32-01,18.527979036048766,73.86263373531193,2026-09-21 17:22:00,0
ESP32-01,18.519981192408288,73.85763563232199,2026-09-21 08:01:10,0
ESP32-01,18.49199725875872,73.93559467190622,2026-09-21 13:22:50,0
ESP32-01,18.524158191528635,73.85348204079393,2026-09-21 17:07:20,0
ESP32-01,18.57523430403662,73.85685952641101,2026-09-22 13:17:20,0
ESP32-01,18.481123693070924,73.7688953450587,2026-09-20 13:29:40,0
ESP32-01,18.519052669899576,73.85241739506024,2026-09-20 08:05:50,0
ESP32-01,18.519565422233377,73.82279477705909,2026-09-20 13:09:30,0
ESP32-01,18.522154749957235,73.82846375095485,2026-09-20 13:07:50,0
ESP32-01,18.529202859158882,73.8521852788136,2026-09-22 17:15:00,0
ESP32-01,18.53262200475071,73.93596556935819,2026-09-21 13:34:50,0
ESP32-01,18.519842374886537,73.85849788146547,2026-09-20 17:02:40,0
ESP32-01,18.515202422368613,73.84914899998174,2026-09-20 08:14:30,0
ESP32-01,,73.85618706663023,2026-09-22 08:00:40,0
ESP32-01,18.508553493484676,73.84699945639017,2026-09-20 08:24:40,0
ESP32-01,18.53361582379969,73.85054904101699,2026-09-22 17:21:50,0
ESP32-01,18.580630850450937,73.87131915638315,2026-09-22 13:21:40,0
ESP32-01,18.566894751296672,73.88876208560457,2026-09-22 13:26:40,0
ESP32-01,18.516517524466988,73.85561352481815,2026-09-22 08:34:40,0
ESP32-01,18.516101165698753,73.80295673688494,2026-09-20 13:15:50,0
ESP32-01,18.516305964561543,73.85242566635014,2026-09-20 17:13:10,0
ESP32-01,18.51804126737504,73.85670875527701,2026-09-20 17:06:10,0
ESP32-01,18.50354002348412,73.84926794177699,2026-09-20 08:33:00,0
ESP32-01,18.536317507955445,73.84754991521437,2026-09-22 17:27:40,0
ESP32-01,18.504259130292937,73.8494371599592,2026-09-20 08:32:00,0
ESP32-01,0.0,0.0,2026-09-20 13:22:20,0
ESP32-01,18.547172879033877,73.86278640848562,2026-09-22 13:10:00,0
ESP32-01,18.49780445504373,73.85075636966752,2026-09-20 08:41:40,0
ESP32-01,18.457885264662973,73.76948993258199,2026-09-20 13:35:30,0
ESP32-01,18.542392886463738,73.9367690926849,2026-09-21 13:37:00,0
ESP32-01,18.516660549300553,73.85561906370678,2026-09-22 08:34:30,0
ESP32-01,18.512130811088408,73.8570637818848,2026-09-21 08:16:50,0
ESP32-01,18.512394517223303,73.85795959004162,2026-09-21 08:18:10,0
ESP32-01,18.503566135445954,73.79798923966393,2026-09-20 13:19:00,0
ESP32-01,18.515501375938562,73.85792038488863,2026-09-21 08:10:00,0
ESP32-01,18.520600266099294,73.85679382460009,2026-09-21 17:00:10,0
ESP32-01,18.488191010411253,73.77790001698673,2026-09-20 13:25:20,0
ESP32-01,18.523530125267815,73.82947100182334,2026-09-20 13:07:20,0
ESP32-01,18.50086659448097,73.88951040570655,2026-09-21 13:10:10,0
ESP32-01,18.518374528951917,73.8571825112326,2026-09-20 17:05:30,0
ESP32-01,18.51270268600476,73.86136482451097,2026-09-21 08:37:10,0
ESP32-01,18.510357300101138,73.85725789149122,2026-09-20 17:25:20,0
ESP32-01,18.51273049685748,73.85987731734068,2026-09-21 08:35:20,0
ESP32-01,18.524345097604975,73.85668453422032,2026-09-22 08:23:00,0
ESP32-01,18.50822854569144,73.8581831865599,2026-09-20 17:29:10,1
ESP32-01,18.5646742461594,73.89558448202854,2026-09-22 13:28:20,0
ESP32-01,18.507471752106753,73.84813680777741,2026-09-20 08:26:30,0
ESP32-01,18.509218611806553,73.87761781214266,2026-09-21 13:06:30,0
ESP32-01,18.522487257118577,73.8533644634146,2026-09-22 08:05:20,0
ESP32-01,18.52397631851517,73.85343877661663,2026-09-22 17:06:40,0
ESP32-01,18.503013140307626,73.84922657622035,2026-09-20 08:33:40,0
ESP32-01,18.501335080640718,73.89122713433201,2026-09-21 13:10:30,0
ESP32-01,18.527071451196846,73.86699517220784,2026-09-22 13:02:40,0
ESP32-01,18.525635638843212,73.85880050349972,2026-09-21 17:15:30,0
ESP32-01,18.51258223247988,73.84764295702024,2026-09-20 08:18:40,0
ESP32-01,18.527204001355535,73.85191783657788,2026-09-22 17:12:10,0
ESP32-01,18.467617026804366,73.772484901105,2026-09-20 13:33:00,0
ESP32-01,18.51338235897163,73.8653203155064,2026-09-21 13:03:20,0
ESP32-01,18.51263535667987,73.86241366417426,2026-09-21 08:38:40,0
ESP32-01,18.514677478492136,73.85781168526391,2026-09-22 08:38:30,0
ESP32-01,18.55594908918302,73.85522231311711,2026-09-22 13:12:40,0
ESP32-01,18.522101655505686,73.85934350146407,2026-09-22 13:00:30,0
ESP32-01,18.52863976446407,73.864649343584,2026-09-21 17:25:00,0
ESP32-01,18.511221330948207,73.85962136195657,2026-09-21 08:20:50,0
ESP32-01,18.526994899099023,73.85788029371182,2026-09-22 08:16:50,0
ESP32-01,18.522444922001714,73.8546196369677,2026-09-22 08:03:30,0
ESP32-01,18.50882605904549,73.8585423593173,2026-09-20 17:28:10,0
ESP32-01,18.490608574294324,73.933175581337,2026-09-21 13:22:10,0
ESP32-01,18.516079833996677,73.84896562575197,2026-09-20 08:13:20,0
ESP32-01,18.522358492003146,73.8550031600547,2026-09-22 17:03:30,0
ESP32-01,18.52694479373449,73.8549132728426,2026-09-22 08:13:00,0
ESP32-01,18.526290539166524,73.86670337805609,2026-09-22 13:02:30,0
ESP32-01,18.51536456074931,73.85770490223324,2026-09-21 08:10:20,0
ESP32-01,18.523698537251974,73.85392645237668,2026-09-21 17:06:30,0
ESP32-01,18.5243334958989,73.85331593328858,2026-09-22 08:08:30,0
ESP32-01,,73.91248282909996,2026-09-21 13:15:40,0
ESP32-01,18.498651923647444,73.85108608050764,2026-09-20 08:40:20,0
ESP32-01,18.5268523697759,73.85460184163365,2026-09-22 08:12:30,0
ESP32-01,18.51126213519567,73.85516207351071,2026-09-20 17:21:50,0
ESP32-01,18.520011141274328,73.85754578764275,2026-09-21 08:01:00,0
ESP32-01,18.50228230694268,73.84942956966584,2026-09-20 08:34:50,0
ESP32-01,18.445246540224876,73.76426446020669,2026-09-20 13:38:40,0
ESP32-01,18.513921067610738,73.85625238269384,2026-09-21 08:13:20,0
ESP32-01,18.524986731268132,73.85304495794998,2026-09-22 17:08:30,0
ESP32-01,18.488388384955453,73.7691588853137,2026-09-20 13:27:30,0
ESP32-01,18.504493582531982,73.9193893135662,2026-09-21 13:17:10,0
ESP32-01,18.513077079698103,73.86090321767121,2026-09-21 13:02:20,0
ESP32-01,18.518089058312526,73.85620692334388,2026-09-20 17:06:50,0
ESP32-01,18.52465133637585,73.8569405017183,2026-09-22 08:22:30,0
ESP32-01,18.529458085690962,73.86857345731703,2026-09-22 13:03:20,0
ESP32-01,18.50184765050081,73.88353629117448,2026-09-21 13:08:50,0
ESP32-01,18.503632179365173,73.8798377544157,2026-09-21 13:07:50,0
ESP32-01,18.52560948506833,73.8562681351185,2026-09-21 17:12:20,0
ESP32-01,18.525611913612124,73.85904733993414,2026-09-21 17:15:50,0
ESP32-01,18.469140321625552,73.7727125980447,2026-09-20 13:32:40,0
ESP32-01,18.515422125646477,73.8569411064996,2026-09-22 08:37:00,0
ESP32-01,18.512609597491664,73.85967321327485,2026-09-22 08:42:20,0
ESP32-01,18.52456312505951,73.85248872139078,2026-09-20 13:01:10,0
ESP32-01,18.50050966325267,73.92148732542084,2026-09-21 13:18:10,0
ESP32-01,18.501609013691837,73.88642955142825,2026-09-21 13:09:30,0
ESP32-01,18.524659411299286,73.85352642153745,2026-09-22 08:09:10,0
ESP32-01,18.517747045824073,73.85971768008201,2026-09-21 08:05:20,0
ESP32-01,18.511980989517095,73.8645326142,2026-09-21 08:41:40,0
ESP32-01,18.51232444898293,73.85648625322999,2026-09-21 08:16:00,0
ESP32-01,18.53461654471903,73.87171214861966,2026-09-22 13:05:00,0
ESP32-01,18.523481343417153,73.85272104449959,2026-09-22 08:06:50,0
ESP32-01,18.527240262351576,73.85830245580844,2026-09-22 08:17:30,0
ESP32-01,18.522695592768123,73.85317057754335,2026-09-22 08:05:40,0
ESP32-01,18.512707963276572,73.86036453570667,2026-09-21 08:36:00,0
ESP32-01,18.51814779483085,73.85459435554829,2026-09-20 17:08:50,0
ESP32-01,18.52477490171141,73.85337756974023,2026-09-21 17:08:10,0
ESP32-01,18.502002286421845,73.79536158666224,2026-09-20 13:19:40,0
ESP32-01,18.51903608660068,73.85395225032929,2026-09-20 08:03:40,0
ESP32-01,18.527814131514834,73.86226248621269,2026-09-21 17:21:30,0
ESP32-01,18.5114921383728,73.84686388167958,2026-09-20 08:20:40,0
ESP32-01,18.528506201799715,73.86500590368057,2026-09-21 17:25:30,0
ESP32-01,18.51367631331056,73.85599719136134,2026-09-21 08:13:50,0
ESP32-01,18.51484833195299,73.85878780453142,2026-09-21 08:31:40,0
ESP32-01,18.51703612987717,73.94314414342766,2026-09-21 13:30:40,0
ESP32-01,18.530545129281077,73.93523964082367,2026-09-21 13:34:20,0
ESP32-01,18.51915229487507,73.85060729065337,2026-09-20 08:08:20,0
ESP32-01,18.524533909033572,73.8568298853702,2026-09-22 08:22:40,0
ESP32-01,18.517004469929446,73.85566157324693,2026-09-22 08:34:00,0
ESP32-01,18.495279905410857,73.94075324614701,2026-09-21 13:24:10,0
ESP32-01,18.519583829563558,73.85840917378277,2026-09-21 08:02:10,0
ESP32-01,18.458558228351354,73.76977034899154,2026-09-20 13:35:20,0
ESP32-01,18.518075234623588,73.94280262783018,2026-09-21 13:30:50,0
ESP32-01,18.502938899439563,73.84921134603843,2026-09-20 08:33:50,0
ESP32-01,18.517707027777476,73.84939120539987,2026-09-20 08:11:00,0
ESP32-01,18.56249362044558,73.924751540935,2026-09-22 13:36:00,0
ESP32-01,18.51664781522073,73.85945824875941,2026-09-21 08:07:10,0
ESP32-01,18.52461604679438,73.85309017652166,2026-09-22 17:07:50,0
ESP32-01,18.512330858514606,73.85825797626015,2026-09-21 08:18:30,0
ESP32-01,18.53505315379431,73.87196443792045,2026-09-22 13:05:10,0
ESP32-01,18.516011163717973,73.85635380639779,2026-09-22 08:36:00,0
ESP32-01,18.51267134328479,73.86048416478826,2026-09-21 08:36:10,0
ESP32-01,18.518919865202186,73.85287616913999,2026-09-20 08:05:10,0
ESP32-01,18.489167986741524,73.78101929846314,2026-09-20 13:24:30,0
ESP32-01,18.514734319577602,73.85869004000486,2026-09-21 08:31:50,0
ESP32-01,18.512142587329627,73.85456393274262,2026-09-20 17:20:20,0
ESP32-01,18.582147726402443,73.86459847847951,2026-09-22 13:20:00,0
ESP32-01,18.518952303017265,73.85728266911369,2026-09-22 08:30:40,0
ESP32-01,18.517937374678443,73.84938492369345,2026-09-20 08:10:40,0
ESP32-01,18.579689429247228,73.85862698482546,2026-09-22 13:18:30,0
ESP32-01,18.534978936369804,73.84957854378848,2026-09-22 17:24:10,0
ESP32-01,18.516441659895424,73.84910779640693,2026-09-20 08:12:50,0
ESP32-01,18.452428362562383,73.76809945197643,2026-09-20 13:36:50,0
ESP32-01,18.522772439001727,73.85586441338855,2026-09-22 08:25:10,0
ESP32-01,18.528805324497736,73.8522509382569,2026-09-22 17:14:20,0
ESP32-01,18.51923096127564,73.85815206488061,2026-09-20 17:03:40,0
ESP32-01,18.517795636754233,73.84938559036395,2026-09-20 08:10:50,0
ESP32-01,,73.85195542937561,2026-09-22 17:12:30,0
ESP32-01,18.53070565013627,73.85118389433957,2026-09-22 17:17:40,0
ESP32-01,18.529324797317933,73.84022671600239,2026-09-20 13:04:20,0
ESP32-01,18.516067472631402,73.85240013274662,2026-09-20 17:13:30,0
ESP32-01,18.514131718715117,73.85659091072101,2026-09-21 08:12:50,0
ESP32-01,18.526015658472765,73.8575815193721,2026-09-21 17:14:10,0
ESP32-01,18.51756151419697,73.85990122867715,2026-09-21 08:05:40,0
ESP32-01,18.520837132844363,73.85655282822079,2026-09-22 08:28:00,0
ESP32-01,18.526216400138644,73.86013944686533,2026-09-21 17:17:30,0
ESP32-01,18.512417373973594,73.85373244007982,2026-09-20 17:19:20,0
ESP32-01,18.56890995866581,73.9390377948452,2026-09-22 13:39:40,0
ESP32-01,18.51574067120259,73.85846491829119,2026-09-21 08:09:10,0
ESP32-01,18.521925462359984,73.85645126108038,2026-09-21 17:02:00,0
ESP32-01,18.572972495499112,73.85517685038054,2026-09-22 13:16:40,0
ESP32-01,18.497753403938436,73.85075228826068,2026-09-20 08:41:50,0
ESP32-01,18.52931827752995,73.85211845812195,2026-09-22 17:15:10,0
ESP32-01,18.524049786285932,73.85285693212681,2026-09-22 08:07:40,0
ESP32-01,18.537281989606864,73.84690485680653,2026-09-22 17:29:10,0
ESP32-01,18.513551530491092,73.86671670807723,2026-09-21 13:03:40,0
ESP32-01,18.526721243388618,73.85210670994299,2026-09-22 17:11:30,0
ESP32-01,18.5194298769043,73.85877743853682,2026-09-21 08:02:40,0
ESP32-01,18.455283519597746,73.76863615923749,2026-09-20 13:36:10,0
ESP32-01,18.5221376909386,73.85443169454587,2026-09-20 13:00:30,0
ESP32-01,18.51276733046636,73.85950334523181,2026-09-22 08:42:00,0
ESP32-01,18.566369588175252,73.88951978203292,2026-09-22 13:26:50,0
ESP32-01,18.518044015218837,73.85767532012365,2026-09-21 13:00:30,0
ESP32-01,18.514964234071876,73.85910501795593,2026-09-21 08:31:10,0
ESP32-01,18.523853846551273,73.85624364777367,2026-09-22 08:23:50,0
ESP32-01,18.528073855927385,73.85209783873422,2026-09-22 17:13:20,0
ESP32-01,18.49316884666716,73.78179095695671,2026-09-20 13:23:30,0
ESP32-01,18.51009025313029,73.85790074398359,2026-09-20 17:26:10,0
ESP32-01,18.525635427201642,73.854776472252,2026-09-21 17:10:20,0
ESP32-01,18.508419045573824,73.84710780359833,2026-09-20 08:24:50,0
ESP32-01,18.51088038799188,73.85534786063498,2026-09-20 17:22:20,0
ESP32-01,18.557947880421167,73.8999919589977,2026-09-22 13:30:10,0
ESP32-01,18.50130724874354,73.84969073040857,2026-09-20 08:36:20,0
ESP32-01,18.499009339936123,73.85106734561808,2026-09-20 08:39:50,0
ESP32-01,18.509204698532123,73.94942052797006,2026-09-21 13:28:30,0
ESP32-01,18.522331914275906,73.8561788078262,2026-09-21 17:02:40,0
ESP32-01,18.512157892862664,73.85718089295798,2026-09-21 08:17:00,0
ESP32-01,18.504390680884846,73.8494768215899,2026-09-20 08:31:50,0
ESP32-01,18.519079462757457,73.81925408067667,2026-09-20 13:10:30,0
ESP32-01,18.5209364305077,73.8566461511413,2026-09-22 17:00:40,0
ESP32-01,18.525026800332796,73.85368086582068,2026-09-22 08:09:40,0
ESP32-01,18.518589691511565,73.85742627542662,2026-09-21 13:00:20,0
ESP32-01,18.56300107528921,73.918795250932,2026-09-22 13:34:40,0
ESP32-01,18.524463578221347,73.85350464949025,2026-09-22 08:08:50,0
ESP32-01,,73.85527264010153,2026-09-22 08:13:30,0
ESP32-01,18.572843885485536,73.87593213894621,2026-09-22 13:23:40,0
ESP32-01,18.519085816366346,73.85719435647509,2026-09-22 08:30:30,0
ESP32-01,18.57584774563888,73.8574224693084,2026-09-22 13:17:30,0
ESP32-01,18.517035214965343,73.85252061760194,2026-09-20 17:12:00,0
ESP32-01,18.537690634651423,73.84685842456376,2026-09-22 17:29:40,0
ESP32-01,18.519569904715766,73.85714645917345,2026-09-22 08:29:50,0
ESP32-01,18.51239652345111,73.86197169332434,2026-09-21 08:24:50,0
ESP32-01,18.512344182268993,73.85389368958604,2026-09-20 17:19:30,0
ESP32-01,18.519092200038685,73.8256002031792,2026-09-20 13:08:50,0
ESP32-01,18.522567705610914,73.85477364626807,2026-09-22 17:03:50,0
ESP32-01,18.525870599608147,73.93501585683609,2026-09-21 13:33:20,0
ESP32-01,18.51306433934324,73.85595226413683,2026-09-21 08:14:40,0
ESP32-01,18.49573711296348,73.92239879665208,2026-09-21 13:19:20,0
ESP32-01,18.51201847514702,73.8643986226855,2026-09-21 08:41:30,0
ESP32-01,18.487481268955694,73.76845900208633,2026-09-20 13:27:50,0
ESP32-01,18.512119218272446,73.84708324385458,2026-09-20 08:19:50,0
ESP32-01,18.56881884380933,73.88067752569815,2026-09-22 13:24:50,0
ESP32-01,18.544766387189917,73.87120517352085,2026-09-22 13:07:50,0
ESP32-01,18.53645944794709,73.84752108088385,2026-09-22 17:27:50,0
ESP32-01,18.50085922030612,73.89329411750423,2026-09-21 13:11:00,0
ESP32-01,18.525195011779182,73.85377728023623,2026-09-21 17:08:50,0
ESP32-01,18.526491933703543,73.85873600476702,2026-09-22 08:19:10,0
ESP32-01,18.520450578932124,73.85655496200314,2026-09-22 08:00:00,0
ESP32-01,18.51656024349796,73.84916145992834,2026-09-20 08:12:40,0
ESP32-01,18.504814488203888,73.9116599176385,2026-09-21 13:15:30,0
ESP32-01,18.51283730469135,73.85960930563789,2026-09-21 08:35:00,0
ESP32-01,18.511985707160513,73.80286881611839,2026-09-20 13:16:50,0
ESP32-01,18.534611685409086,73.84999589204281,2026-09-22 17:23:20,0
ESP32-01,18.511544931485712,73.86063712581668,2026-09-22 08:44:30,0
ESP32-01,18.512538360215054,73.8653952699676,2026-09-21 08:43:10,0
ESP32-01,18.51197824349899,73.86467050514528,2026-09-21 08:41:50,0
ESP32-01,18.517424842916505,73.85299854679832,2026-09-20 17:11:10,0
ESP32-01,18.511294043181522,73.8601521482437,2026-09-21 08:21:30,0
ESP32-01,18.51611636924078,73.85610015629535,2026-09-22 08:35:40,0
ESP32-01,18.514169495346202,73.85825379028637,2026-09-22 08:39:20,0
ESP32-01,18.56809813495277,73.93439825134648,2026-09-22 13:38:30,0
ESP32-01,18.526385648329686,73.85861387895032,2026-09-22 08:19:20,0
ESP32-01,18.514010436192066,73.85851598724572,2026-09-21 08:32:40,0
ESP32-01,18.515158435342837,73.85765599473783,2026-09-21 13:01:20,0
ESP32-01,18.560842059206625,73.854640239788,2026-09-22 13:13:50,0
ESP32-01,18.512426873648106,73.85636833035171,2026-09-21 08:15:50,0
ESP32-01,18.53199919273712,73.87035611959641,2026-09-22 13:04:10,0
ESP32-01,18.56252077811326,73.89649532671567,2026-09-22 13:28:50,0
ESP32-01,18.570903608954534,73.85410460438906,2026-09-22 13:16:10,0
ESP32-01,18.529294193408653,73.83674569351605,2026-09-20 13:05:10,0
ESP32-01,18.507827006746215,73.85781904501215,2026-09-20 17:29:50,0
ESP32-01,18.511430711575127,73.859283345389,2026-09-21 08:20:20,0
ESP32-01,18.50513170366161,73.91814920849107,2026-09-21 13:16:50,0
ESP32-01,18.527011463232554,73.86744893837097,2026-09-21 17:29:30,0
ESP32-01,18.499278493488756,73.85076064741605,2026-09-20 08:39:20,0
ESP32-01,18.499397726075298,73.94658560301815,2026-09-21 13:25:50,0
ESP32-01,18.52696171537185,73.85650265922658,2026-09-22 08:15:00,0
ESP32-01,18.447000928038253,73.76572497798064,2026-09-20 13:38:10,0
ESP32-01,18.569404442868905,73.87896363314948,2026-09-22 13:24:30,0
ESP32-01,18.49377764944033,73.92375435060728,2026-09-21 13:19:50,0
ESP32-01,18.527713658276905,73.86193580965192,2026-09-21 17:21:00,0
ESP32-01,18.512271034917646,73.85735181910628,2026-09-21 08:17:20,0
ESP32-01,18.526364536049233,73.83184214366678,2026-09-20 13:06:30,0
ESP32-01,18.562478317669495,73.92344827474751,2026-09-22 13:35:40,0
ESP32-01,18.521841812720886,73.81104835359358,2026-09-20 13:12:50,0
ESP32-01,18.51131355952204,73.87181092587429,2026-09-21 13:05:00,0
ESP32-01,18.512330858514606,73.85825797626015,2026-09-21 08:18:30,0
ESP32-01,18.51236817430607,73.86387921886468,2026-09-21 08:40:40,0
ESP32-01,18.502344716132548,73.79579012063174,2026-09-20 13:19:30,0
ESP32-01,18.516049553964955,73.85624359535358,2026-09-22 08:35:50,0
ESP32-01,18.501318968489436,73.79393502449872,2026-09-20 13:20:00,0
ESP32-01,18.515862522055404,73.85862763984308,2026-09-21 08:08:50,0
ESP32-01,18.52224519306422,73.80745119506233,2026-09-20 13:13:40,0
ESP32-01,18.52245519631735,73.85610855014643,2026-09-21 17:02:50,0
ESP32-01,18.49938017448326,73.850657128952,2026-09-20 08:39:10,0
ESP32-01,18.56122988627473,73.91426564096083,2026-09-22 13:33:40,0
ESP32-01,18.459674846832463,73.76997821054161,2026-09-20 13:35:00,0
ESP32-01,18.517982620479692,73.85413779208669,2026-09-20 17:09:30,0
ESP32-01,18.514054564035458,73.94483207779169,2026-09-21 13:30:00,0
ESP32-01,18.56156183379375,73.89677115162102,2026-09-22 13:29:00,0
ESP32-01,18.534689459186367,73.84989712140676,2026-09-22 17:23:30,0
ESP32-01,18.5136813416676,73.8590226179656,2026-09-22 08:40:30,0
ESP32-01,18.5456974565595,73.86865199236475,2026-09-22 13:08:30,0
ESP32-01,18.512055595871157,73.84702944124828,2026-09-20 08:20:00,0
ESP32-01,18.521281757065445,73.8558544255707,2026-09-22 08:01:20,0
ESP32-01,18.5656580514245,73.93032944451447,2026-09-22 13:37:30,0
ESP32-01,18.501117369349526,73.8920074171452,2026-09-21 13:10:40,0
ESP32-01,18.490912533287815,73.92791440553005,2026-09-21 13:21:00,0
ESP32-01,18.525483486483036,73.85611912244241,2026-09-21 17:12:00,0
ESP32-01,18.52682131511216,73.85727315188996,2026-09-22 08:16:10,0
ESP32-01,18.512725718394076,73.86296884596497,2026-09-21 08:39:20,0
ESP32-01,18.69337772744735,73.85737683805152,2026-09-20 17:00:50,0
ESP32-01,18.500722050437783,73.85003785933529,2026-09-20 08:37:10,0
ESP32-01,18.51276733046636,73.85950334523181,2026-09-22 08:42:00,0
ESP32-01,18.51362119863219,73.85257602227436,2026-09-20 17:17:10,0
ESP32-01,18.512753008348387,73.862349197407,2026-09-21 08:25:30,0
ESP32-01,18.524225497628464,73.85345951023305,2026-09-21 17:07:30,0
ESP32-01,18.52710847115166,73.85876821651526,2026-09-22 08:18:10,0
ESP32-01,18.519122820018392,73.85039432112121,2026-09-20 08:08:40,0
ESP32-01,18.53206838484849,73.8509064265005,2026-09-22 17:19:40,0
ESP32-01,18.456459361986408,73.76896575580152,2026-09-20 13:35:50,0
ESP32-01,18.492684099181446,73.92402333934665,2026-09-21 13:20:00,0
ESP32-01,18.511194187128165,73.86004557306579,2026-09-21 08:21:20,0
ESP32-01,18.58117973795662,73.87064701289187,2026-09-22 13:21:30,0
ESP32-01,0.0,0.0,2026-09-20 08:25:50,0
ESP32-01,18.527977401759607,73.86651281230502,2026-09-21 17:27:40,0
ESP32-01,18.514980402892842,73.85200009219265,2026-09-20 17:15:00,0
ESP32-01,18.568575764446173,73.88138468260928,2026-09-22 13:25:00,0
ESP32-01,18.498057286216707,73.85084395434127,2026-09-20 08:41:20,0
ESP32-01,18.514682387420322,73.85698112169797,2026-09-21 08:11:50,0
ESP32-01,18.52698844333351,73.8557453821517,2026-09-22 08:14:10,0
ESP32-01,18.530486524568673,73.85183535813078,2026-09-22 17:16:50,0
ESP32-01,18.50875371256582,73.9494685089927,2026-09-21 13:28:20,0
ESP32-01,18.518459636160287,73.8572572828759,2026-09-20 17:05:20,0
ESP32-01,18.51220781679694,73.85726024179108,2026-09-21 08:17:10,0
ESP32-01,18.514869833794624,73.94454937424025,2026-09-21 13:30:10,0
ESP32-01,18.517400206485018,73.85584903831905,2026-09-22 08:33:30,0
ESP32-01,18.512295872579582,73.85404444804192,2026-09-20 17:19:40,0
ESP32-01,18.508343872285007,73.84724162110392,2026-09-20 08:25:00,0
ESP32-01,18.579393865268827,73.87228360230228,2026-09-22 13:22:00,0
ESP32-01,18.529389411192867,73.84381665196155,2026-09-20 13:03:30,0
ESP32-01,,73.79997526847127,2026-09-20 13:18:30,0
ESP32-01,18.50811704359898,73.85809434521505,2026-09-20 17:29:20,0
ESP32-01,18.52789628212688,73.8666357986465,2026-09-21 17:27:50,0
ESP32-01,18.523254509718356,73.8555864526838,2026-09-21 17:04:00,0
ESP32-01,,73.85927593950841,2026-09-21 08:34:30,0
ESP32-01,18.56890917088063,73.93980237235657,2026-09-22 13:39:50,0
ESP32-01,18.51386163444229,73.86168657971548,2026-09-21 08:27:20,0
ESP32-01,18.499317182064676,73.9218493585368,2026-09-21 13:18:30,0
ESP32-01,18.518206806958226,73.855785391278,2026-09-20 17:07:20,0
ESP32-01,18.52377931468339,73.86361372640707,2026-09-22 13:01:30,0
ESP32-01,18.557642696009406,73.90032758663865,2026-09-22 13:30:20,0
ESP32-01,18.523077337096602,73.85597866100319,2026-09-22 08:24:50,0
ESP32-01,18.513438248088587,73.85876853975334,2026-09-21 08:33:30,0
ESP32-01,,73.85551092477795,2026-09-22 17:02:40,0
ESP32-01,0.0,0.0,2026-09-20 17:04:10,0
ESP32-01,18.52811963573861,73.86627354168091,2026-09-21 17:27:20,0
ESP32-01,18.513424670957406,73.85270193815091,2026-09-20 17:17:30,0
ESP32-01,18.508072179073203,73.8477055081228,2026-09-20 08:25:40,0
ESP32-01,,73.93844585003518,2026-09-21 13:38:50,0
ESP32-01,18.513869749939637,73.85869989360472,2026-09-22 08:40:00,0
ESP32-01,18.537194147031386,73.84699428617205,2026-09-22 17:29:00,0
ESP32-01,18.519930711004694,73.82141612470211,2026-09-20 13:09:50,0
ESP32-01,18.524210009215984,73.85323693761976,2026-09-22 17:07:10,0
ESP32-01,18.519477597580355,73.82616853091335,2026-09-20 13:08:40,0
ESP32-01,18.535682367364323,73.8720524835959,2026-09-22 13:05:20,0
ESP32-01,18.526128908825758,73.85721494161,2026-09-21 17:13:40,0
ESP32-01,18.515788781899275,73.84901064082848,2026-09-20 08:13:40,0
ESP32-01,18.52045520045485,73.85697778434225,2026-09-20 17:00:20,0
ESP32-01,18.527152739363725,73.85863811749962,2026-09-22 08:18:00,0
ESP32-01,18.55812058417124,73.9057827991426,2026-09-22 13:31:30,0
ESP32-01,18.558242798758425,73.90800704860933,2026-09-22 13:32:00,0
ESP32-01,,73.8633108811874,2026-09-21 08:39:50,0
ESP32-01,18.582340438796507,73.86634649054923,2026-09-22 13:20:30,0
ESP32-01,18.528268088868135,73.86547923915373,2026-09-21 17:26:10,0
ESP32-01,18.519974950669088,73.85527497519178,2026-09-20 08:01:40,0
ESP32-01,18.5265815704729,73.85885804832994,2026-09-22 08:19:00,0
ESP32-01,18.512315070453656,73.86102373177305,2026-09-21 08:23:30,0
ESP32-01,,73.85276591402095,2026-09-20 08:05:20,0
ESP32-01,18.512152662992246,73.86045388913614,2026-09-22 08:43:40,0
ESP32-01,18.492160895019055,73.78158994894382,2026-09-20 13:23:50,0
ESP32-01,18.51726294286672,73.85271965287258,2026-09-20 17:11:40,0
ESP32-01,18.522314871993245,73.85404771221194,2026-09-22 08:04:20,0
ESP32-01,18.530664637075184,73.85145800452828,2026-09-22 17:17:20,0
ESP32-01,18.514004780365994,73.85847955889213,2026-09-22 08:39:40,0
ESP32-01,18.513146013150326,73.84804903956581,2026-09-20 08:17:50,0
ESP32-01,18.51353980565175,73.8526296633062,2026-09-20 17:17:20,0
ESP32-01,18.50410555792456,73.90584371022561,2026-09-21 13:14:10,0
ESP32-01,18.52242589735469,73.8544998260007,2026-09-22 08:03:40,0
ESP32-01,18.501992475509322,73.88429615497338,2026-09-21 13:09:00,0
ESP32-01,18.514929468490507,73.84922035842128,2026-09-20 08:14:50,0
ESP32-01,18.55891505536218,73.91042658936556,2026-09-22 13:32:40,0
ESP32-01,18.514873067222428,73.85198903714925,2026-09-20 17:15:10,0
ESP32-01,18.523633077056118,73.85417843289059,2026-09-21 17:06:10,0
ESP32-01,18.531536270246807,73.8508194904402,2026-09-22 17:18:50,0
ESP32-01,18.510334101181776,73.84696571102339,2026-09-20 08:22:10,0
ESP32-01,18.527679955233776,73.86691733831971,2026-09-21 17:28:20,0
ESP32-01,18.518239016534224,73.85565438613834,2026-09-20 17:07:30,0
ESP32-01,,73.8970058785083,2026-09-21 13:11:50,0
ESP32-01,18.545727575288325,73.86794898054406,2026-09-22 13:08:40,0
ESP32-01,18.520274894864027,73.82706409443554,2026-09-20 13:08:20,0
ESP32-01,18.523475950613154,73.85385746077095,2026-09-22 17:05:40,0
ESP32-01,18.521776899378665,73.8564831561518,2026-09-21 17:01:50,0
ESP32-01,18.56895528814155,73.93846599703893,2026-09-22 13:39:30,0
ESP32-01,18.511970301232182,73.85479172166991,2026-09-20 17:20:40,0
ESP32-01,18.51811614435101,73.85604217203925,2026-09-20 17:07:00,0
ESP32-01,18.52776323265171,73.86213775785419,2026-09-21 17:21:20,0
ESP32-01,18.505084499304836,73.91323285712863,2026-09-21 13:15:50,0
ESP32-01,18.52956053782085,73.85210924442065,2026-09-22 17:15:30,0
ESP32-01,18.512398785220544,73.85760110103953,2026-09-21 08:17:40,0
ESP32-01,18.560242784656776,73.89751511181099,2026-09-22 13:29:20,0
ESP32-01,18.525550565732175,73.85505945728825,2026-09-21 17:10:40,0
ESP32-01,18.562816021004426,73.91784674863538,2026-09-22 13:34:30,0
ESP32-01,0.0,0.0,2026-09-20 08:29:00,0
ESP32-01,18.514231762015296,73.85672782734979,2026-09-21 08:12:40,0
ESP32-01,18.498287599237006,73.85099655046581,2026-09-20 08:40:50,0
ESP32-01,18.492684099181446,73.92402333934665,2026-09-21 13:20:00,0
ESP32-01,18.568622790977845,73.93756908158083,2026-09-22 13:39:20,0
ESP32-01,18.508813489553724,73.84677773688968,2026-09-20 08:24:10,0
ESP32-01,18.514815460130897,73.84923938866389,2026-09-20 08:15:00,0
ESP32-01,18.52291293206538,73.85298880900645,2026-09-22 08:06:00,0
ESP32-01,18.508477273505346,73.85843305814774,2026-09-20 17:28:40,0
ESP32-01,18.525853556158502,73.83145424374177,2026-09-20 13:06:40,0
ESP32-01,18.520673869124717,73.85622552137627,2026-09-22 08:00:30,0
ESP32-01,18.51447612020975,73.84913697152858,2026-09-20 08:15:30,0
ESP32-01,18.545388821834607,73.86631871588415,2026-09-22 13:09:00,0
ESP32-01,18.512689365184915,73.86269701030385,2026-09-21 08:39:00,0
ESP32-01,,73.89931134266989,2026-09-22 13:30:00,0
ESP32-01,18.501065243390812,73.89950605130734,2026-09-21 13:12:30,0
ESP32-01,18.52245312985885,73.85473512032114,2026-09-22 08:03:20,0
ESP32-01,18.498547910294924,73.85107731362456,2026-09-20 08:40:30,0
ESP32-01,18.526040697049698,73.85826110467477,2026-09-22 08:20:00,0
ESP32-01,18.497782623206913,73.94444272310118,2026-09-21 13:25:10,0
ESP32-01,18.501755741265466,73.84954271273081,2026-09-20 08:35:40,0
ESP32-01,18.52700509650245,73.85617935371596,2026-09-22 08:14:40,0
ESP32-01,18.551651464344786,73.9388796369507,2026-09-21 13:39:30,0
ESP32-01,18.509582810897946,73.87723124006249,2026-09-21 13:06:20,0
ESP32-01,18.513761479274255,73.86176172567657,2026-09-21 08:27:10,0
ESP32-01,18.48908010468634,73.77575482402493,2026-09-20 13:25:50,0
ESP32-01,18.522710020033912,73.85461267608333,2026-09-22 17:04:10,0
ESP32-01,18.515462104104987,73.94400950564157,2026-09-21 13:30:20,0
ESP32-01,18.516273425540316,73.94361980160816,2026-09-21 13:30:30,0
ESP32-01,18.500333030505168,73.85017743221431,2026-09-20 08:37:40,0
ESP32-01,18.581733649015156,73.86224831872339,2026-09-22 13:19:30,0
ESP32-01,18.520384197100547,73.85654837382147,2026-09-20 08:00:00,0
ESP32-01,,73.85290992181037,2026-09-22 08:06:20,0
ESP32-01,18.49714376395152,73.78703777385046,2026-09-20 13:21:50,0
ESP32-01,18.52418577671812,73.85299649735771,2026-09-22 08:08:00,0
ESP32-01,18.49515375947117,73.93937367132621,2026-09-21 13:23:50,0
ESP32-01,18.51556085080514,73.84905095545452,2026-09-20 08:14:00,0
ESP32-01,18.507198500418355,73.84845781405764,2026-09-20 08:27:00,0
ESP32-01,18.512465385261308,73.84748079039645,2026-09-20 08:19:00,0
ESP32-01,18.509857831555607,73.858164885321,2026-09-20 17:26:40,0
ESP32-01,18.536282312685064,73.93617012097076,2026-09-21 13:35:40,0
ESP32-01,18.524018750877335,73.86428619014409,2026-09-22 13:01:40,0
ESP32-01,18.53282018479432,73.85088535565768,2026-09-22 17:20:40,0
ESP32-01,18.534083086765932,73.85022985174332,2026-09-22 17:22:30,0
ESP32-01,18.521703259884198,73.85556077399545,2026-09-22 08:02:00,0
ESP32-01,18.518631261746336,73.85719643247798,2026-09-22 08:31:10,0
ESP32-01,18.513653448354138,73.85865680912178,2026-09-21 08:33:10,0
ESP32-01,18.525932644573796,73.85810257877023,2026-09-22 08:20:10,0
ESP32-01,18.51994973222463,73.85702434068756,2026-09-22 08:29:20,0
ESP32-01,18.512481343520687,73.85359492585705,2026-09-20 17:19:10,0
ESP32-01,18.522221259177492,73.85573748939495,2026-09-22 08:26:00,0
ESP32-01,18.525244831525637,73.86595725731176,2026-09-22 13:02:10,0
ESP32-01,18.491527750156497,73.9351343582853,2026-09-21 13:22:40,0
ESP32-01,18.512807024724182,73.86565143255268,2026-09-21 08:43:40,0
ESP32-01,18.512064636892973,73.85889371629499,2026-09-21 08:19:30,0
ESP32-01,18.49680797483957,73.85070009235206,2026-09-20 08:43:00,0
ESP32-01,18.51254321842278,73.85350219799592,2026-09-20 17:19:00,0
ESP32-01,18.512076891329055,73.86044396304467,2026-09-21 08:22:40,0
ESP32-01,18.499461598492754,73.85056618147395,2026-09-20 08:39:00,0
ESP32-01,18.510103967558223,73.84698350108755,2026-09-20 08:22:30,0
ESP32-01,18.51333088429311,73.8527913544809,2026-09-20 17:17:40,0
ESP32-01,18.52176714550458,73.8558639932819,2026-09-22 08:26:40,0
ESP32-01,18.51126213519567,73.85516207351071,2026-09-20 17:21:50,0
ESP32-01,18.512291200477065,73.86160165126148,2026-09-21 08:24:20,0
ESP32-01,18.512682833292317,73.86229638812063,2026-09-21 08:25:20,0
ESP32-01,18.51347788345005,73.86600548279752,2026-09-21 08:44:50,0
ESP32-01,18.51592630715956,73.85239790286003,2026-09-20 17:13:40,0
ESP32-01,18.52730028593855,73.86062263942006,2026-09-21 17:19:00,0
ESP32-01,18.523646192293754,73.85615754881476,2026-09-22 08:24:10,0
ESP32-01,18.519193987448457,73.85716168265375,2026-09-22 08:30:20,0
ESP32-01,18.525720201778007,73.85847150798274,2026-09-21 17:15:10,0
ESP32-01,18.515149892011628,73.85727599430912,2026-09-22 08:37:30,0
ESP32-01,18.520458782319043,73.81282061446318,2026-09-20 13:12:10,0
ESP32-01,18.573597511647186,73.87570777815421,2026-09-22 13:23:30,0
ESP32-01,18.56297989291085,73.92543417319611,2026-09-22 13:36:10,0
ESP32-01,18.529462302294622,73.84218597695431,2026-09-20 13:03:50,0
ESP32-01,18.51679276942999,73.80294626379568,2026-09-20 13:15:40,0
ESP32-01,18.505840512449407,73.84980643252673,2026-09-20 08:29:40,0
ESP32-01,18.51048525562323,73.8568781381705,2026-09-20 17:24:50,0
ESP32-01,18.510603499548267,73.8761753710564,2026-09-21 13:06:00,0
ESP32-01,18.519618676030483,73.85480799534707,2026-09-20 08:02:20,0
ESP32-01,18.497135069131367,73.94359427959022,2026-09-21 13:25:00,0
ESP32-01,18.521924902529356,73.85535987475805,2026-09-22 08:02:20,0
ESP32-01,18.50691517109461,73.84870423412896,2026-09-20 08:27:30,0
ESP32-01,18.535579856855055,73.84792866330801,2026-09-22 17:26:30,0
ESP32-01,18.528230660237057,73.8657357339523,2026-09-21 17:26:30,0
ESP32-01,18.518467195653052,73.84978680113298,2026-09-20 08:09:50,0
ESP32-01,18.51905850913683,73.85895472346591,2026-09-21 08:03:10,0
ESP32-01,18.50912665880148,73.85845199644312,2026-09-20 17:27:40,0
ESP32-01,18.526897513169008,73.86754875354214,2026-09-21 17:29:40,0
ESP32-01,18.51287122838494,73.85602573356476,2026-09-21 08:15:00,0
ESP32-01,18.488714115143356,73.77641242496473,2026-09-20 13:25:40,0
ESP32-01,18.529395984475013,73.8431856994563,2026-09-20 13:03:40,0
ESP32-01,18.503486451100187,73.92034831604833,2026-09-21 13:17:30,0
ESP32-01,18.525384525480867,73.85262932653332,2026-09-22 17:09:20,0
ESP32-01,18.519930711004694,73.82141612470211,2026-09-20 13:09:50,0
ESP32-01,18.51250014834839,73.86017239316836,2026-09-22 08:43:00,0
ESP32-01,18.49011907329965,73.77311057629106,2026-09-20 13:26:30,0
ESP32-01,18.501767162119528,73.88268272889567,2026-09-21 13:08:40,0
ESP32-01,18.516256442757417,73.84899826637003,2026-09-20 08:13:10,0
ESP32-01,18.504647664721247,73.91078141428918,2026-09-21 13:15:20,0
ESP32-01,18.512236361877438,73.86419779052058,2026-09-21 08:41:10,0
ESP32-01,18.512314783727344,73.86137259410917,2026-09-21 08:24:00,0
ESP32-01,18.515544534257902,73.85805895942273,2026-09-21 08:09:50,0
ESP32-01,18.513520672792932,73.85874371561034,2026-09-21 08:33:20,0
ESP32-01,18.497370211737326,73.85074345431589,2026-09-20 08:42:20,0
ESP32-01,18.56845909021411,73.9366365460089,2026-09-22 13:39:00,0
ESP32-01,18.527051723708393,73.85799770493962,2026-09-22 08:17:00,0
ESP32-01,18.501767162119528,73.88268272889567,2026-09-21 13:08:40,0
ESP32-01,18.522321622846537,73.8538973150681,2026-09-22 08:04:30,0
ESP32-01,18.52822735000671,73.86327804213485,2026-09-21 17:22:50,0
ESP32-01,18.49616006799729,73.94268695201107,2026-09-21 13:24:40,0
ESP32-01,18.515831818624562,73.85654080732533,2026-09-22 08:36:20,0
ESP32-01,18.50995785105431,73.84690190748937,2026-09-20 08:22:40,0
ESP32-01,18.511670057816154,73.94816422755301,2026-09-21 13:29:10,0
ESP32-01,18.522561970910377,73.85600607412195,2026-09-21 17:03:00,0
ESP32-01,18.51371269949961,73.86181247574638,2026-09-21 08:27:00,0
ESP32-01,18.520764666085494,73.85677470934807,2026-09-21 17:00:20,0
ESP32-01,18.517620783467397,73.85597865835264,2026-09-22 08:33:10,0
ESP32-01,18.695689970450406,73.85981639199127,2026-09-21 08:05:30,0
ESP32-01,18.514263028060835,73.86122554051336,2026-09-21 08:28:10,0
ESP32-01,18.514648927485737,73.85810515467777,2026-09-21 13:01:30,0
ESP32-01,18.448642559668286,73.76724782185765,2026-09-20 13:37:40,0
ESP32-01,18.51260745469788,73.86546640818156,2026-09-21 08:43:20,0
ESP32-01,18.512211937039115,73.85877127245037,2026-09-21 08:19:10,0
ESP32-01,18.510835899368093,73.84681530795228,2026-09-20 08:21:30,0
ESP32-01,18.51809210174008,73.8165968461436,2026-09-20 13:11:10,0
ESP32-01,18.51695365869431,73.85956819469587,2026-09-21 08:06:40,0
ESP32-01,18.514202130562353,73.85231806147533,2026-09-20 17:16:20,0
ESP32-01,18.519418798198483,73.94187513751507,2026-09-21 13:31:20,0
ESP32-01,18.503956221944108,73.84936902842414,2026-09-20 08:32:30,0
ESP32-01,18.52488374059649,73.85346142549153,2026-09-21 17:08:20,0
ESP32-01,18.54891958569246,73.86103316395031,2026-09-22 13:10:30,0
ESP32-01,18.52568220983249,73.8586571327956,2026-09-21 17:15:20,0
ESP32-01,18.51437628565854,73.86116215398965,2026-09-21 08:28:20,0
ESP32-01,18.51268938618849,73.86078279047918,2026-09-21 08:36:30,0
ESP32-01,,73.85239093449508,2026-09-20 17:12:20,0
ESP32-01,18.51361885625299,73.84828872234728,2026-09-20 08:17:10,0
ESP32-01,18.514092323803833,73.8583671055796,2026-09-22 08:39:30,0
ESP32-01,18.533073133333126,73.85087938833499,2026-09-22 17:21:00,0
ESP32-01,18.535170745997057,73.84936485200153,2026-09-22 17:24:30,0
ESP32-01,18.518023929434154,73.85942184812666,2026-09-21 08:04:50,0
ESP32-01,18.514268813012748,73.85855146716847,2026-09-21 08:32:20,0
ESP32-01,18.51331530089043,73.85596031170586,2026-09-21 08:14:20,0
ESP32-01,18.51850605209107,73.85695340884213,2026-09-22 08:31:30,0
ESP32-01,18.513407455266325,73.86212506774113,2026-09-21 08:26:30,0
ESP32-01,18.513086822900963,73.85894237075418,2026-09-21 08:34:00,0
ESP32-01,18.50018100597535,73.85016086791434,2026-09-20 08:37:50,0
ESP32-01,18.48871419842154,73.7698449876959,2026-09-20 13:27:20,0
ESP32-01,18.52771888521074,73.8617913440604,2026-09-21 17:20:50,0
ESP32-01,18.52576908233792,73.8595964956287,2026-09-21 17:16:30,0
ESP32-01,18.511208113760954,73.84682260116833,2026-09-20 08:21:00,0
ESP32-01,18.49607522334137,73.78457430157638,2026-09-20 13:22:30,0
ESP32-01,18.513459400850245,73.8559417605197,2026-09-21 08:14:10,0
ESP32-01,18.511553800378113,73.86026860781351,2026-09-21 08:21:50,0
ESP32-01,18.51881382181404,73.85901120731299,2026-09-21 08:03:30,0
ESP32-01,18.545180083658014,73.8640508819951,2026-09-22 13:09:30,0
ESP32-01,18.476564351494016,73.77304999641035,2026-09-20 13:31:00,0
ESP32-01,18.505094738078146,73.91732829611881,2026-09-21 13:16:40,0
ESP32-01,18.52792504822407,73.93521412881225,2026-09-21 13:33:50,0
ESP32-01,18.529442466360432,73.8351246795167,2026-09-20 13:05:30,0
ESP32-01,18.49570243266928,73.85044606076036,2026-09-20 08:44:30,0
ESP32-01,18.51981951490109,73.85708681785518,2026-09-22 08:29:30,0
ESP32-01,18.518182184509083,73.85700602139754,2026-09-20 17:05:50,0
ESP32-01,18.501946099288308,73.84954356920208,2026-09-20 08:35:20,0
ESP32-01,18.512968454979998,73.8591618288043,2026-09-21 08:34:20,0
ESP32-01,18.526770297359818,73.85895009760924,2026-09-22 08:18:40,0
ESP32-01,18.523049243627423,73.85570196756247,2026-09-21 17:03:40,0
ESP32-01,18.54424710103283,73.87194120935993,2026-09-22 13:07:40,0
ESP32-01,18.51274658450362,73.86176505140176,2026-09-21 08:37:40,0
ESP32-01,18.52055327279656,73.85680029865166,2026-09-22 08:28:30,0
ESP32-01,18.509241270289394,73.85843116850583,2026-09-20 17:27:30,0
ESP32-01,18.525832311883086,73.85817522788219,2026-09-21 17:14:50,0
ESP32-01,18.511311635773705,73.8594910610374,2026-09-21 08:20:40,0
ESP32-01,18.52554463414207,73.85514884987771,2026-09-21 17:10:50,0
ESP32-01,18.520036289597613,73.8133520550664,2026-09-20 13:12:00,0
ESP32-01,18.518036849770912,73.85639859415814,2026-09-20 17:06:30,0
ESP32-01,18.5222745320599,73.85350513887899,2026-09-22 08:05:00,0
ESP32-01,18.52212915017584,73.85633882086212,2026-09-21 17:02:20,0
ESP32-01,18.516221693655787,73.85747163723428,2026-09-21 13:01:00,0
ESP32-01,18.523565611549614,73.85504993849995,2026-09-21 17:05:00,0
ESP32-01,18.529390913694062,73.84091692855206,2026-09-20 13:04:10,0
ESP32-01,18.52003452129076,73.85742039779834,2026-09-21 08:00:50,0
ESP32-01,18.52653314333725,73.85439468179023,2026-09-22 08:12:00,0
ESP32-01,18.516882555084972,73.84920743127252,2026-09-20 08:12:10,0
ESP32-01,18.514368549599215,73.85206310264991,2026-09-20 17:15:50,0
ESP32-01,18.513503141138887,73.84819006598143,2026-09-20 08:17:20,0
ESP32-01,18.510804356331068,73.85546196585796,2026-09-20 17:22:30,0
ESP32-01,18.522351403346093,73.85428773662689,2026-09-22 08:04:00,0
ESP32-01,18.450091650157642,73.76813724155406,2026-09-20 13:37:20,0
ESP32-01,18.50311206483346,73.90221819223402,2026-09-21 13:13:20,0
ESP32-01,18.486218563694692,73.76747726528018,2026-09-20 13:28:10,0
ESP32-01,18.501010328245528,73.88788940164886,2026-09-21 13:09:50,0
ESP32-01,18.514679887523023,73.84922220798586,2026-09-20 08:15:10,0
ESP32-01,18.498233182422233,73.9451249025673,2026-09-21 13:25:20,0
ESP32-01,18.532711942293297,73.85088081635881,2026-09-22 17:20:30,0
ESP32-01,18.512702255152934,73.86063368315499,2026-09-21 08:36:20,0
ESP32-01,18.52686699325982,73.85690927717083,2026-09-22 08:15:40,0
ESP32-01,18.566501307509178,73.85314741138008,2026-09-22 13:15:10,0
ESP32-01,18.513693760264932,73.84836431442166,2026-09-20 08:17:00,0
ESP32-01,18.49912533576453,73.85100230629747,2026-09-20 08:39:40,0
ESP32-01,18.560858354216116,73.91360249201256,2026-09-22 13:33:30,0
ESP32-01,18.512028568527374,73.86480761803656,2026-09-21 08:42:00,0
ESP32-01,18.52537064498145,73.85587717622745,2026-09-21 17:11:40,0
ESP32-01,18.512109521388922,73.86430327108873,2026-09-21 08:41:20,0
ESP32-01,18.558062759065027,73.90748279637381,2026-09-22 13:31:50,0
ESP32-01,18.541905269927085,73.9364776758912,2026-09-21 13:36:50,0
ESP32-01,18.525762516905818,73.85788728300142,2026-09-22 08:20:30,0
ESP32-01,18.528971863847854,73.86822690186641,2026-09-22 13:03:10,0
ESP32-01,18.52022642168936,73.85594182291415,2026-09-20 08:00:50,0
ESP32-01,18.51756151419697,73.85990122867715,2026-09-21 08:05:40,0
ESP32-01,18.516842795794513,73.85748835748213,2026-09-21 13:00:50,0
ESP32-01,18.519292000622354,73.85443858232398,2026-09-20 08:03:00,0
ESP32-01,18.524318457703917,73.85323371747344,2026-09-22 08:08:20,0
ESP32-01,18.51188477630636,73.84697190887651,2026-09-20 08:20:10,0
ESP32-01,18.510375903695664,73.85713004732875,2026-09-20 17:25:10,0
ESP32-01,18.55876569921625,73.8986281606699,2026-09-22 13:29:50,0
ESP32-01,18.522768427581536,73.85391503634825,2026-09-20 13:00:40,0
ESP32-01,18.489059291363215,73.7703283456855,2026-09-20 13:27:10,0
ESP32-01,18.511543404286634,73.85917440906584,2026-09-21 08:20:10,0
ESP32-01,18.525810777970054,73.85971609147501,2026-09-21 17:16:40,0
ESP32-01,18.528123044075162,73.86303339826209,2026-09-21 17:22:30,0
ESP32-01,18.535239364634126,73.84928077434967,2026-09-22 17:24:40,0
ESP32-01,18.58534560406,73.8506312830387,2026-09-20 08:43:20,0
ESP32-01,18.568007824186395,73.88411133564003,2026-09-22 13:25:40,0
ESP32-01,18.518426560616177,73.85679439297962,2026-09-22 08:31:40,0
ESP32-01,18.505461633631015,73.84991681045642,2026-09-20 08:30:10,0
ESP32-01,18.505102280852476,73.84996411557412,2026-09-20 08:30:40,0
ESP32-01,18.495656383498098,73.78390127980815,2026-09-20 13:22:40,0
ESP32-01,18.567940363804972,73.85304541236066,2026-09-22 13:15:30,0
ESP32-01,18.51480532246996,73.86071915232834,2026-09-21 08:29:10,0
ESP32-01,,73.85937264280895,2026-09-22 08:41:40,0
ESP32-01,18.550056366857547,73.8588064040965,2026-09-22 13:11:00,0
ESP32-01,18.520234592778753,73.8580226544045,2026-09-20 17:01:40,0
ESP32-01,18.50674024526818,73.87913399724371,2026-09-21 13:07:10,0
ESP32-01,18.505435894210013,73.80036572316307,2026-09-20 13:18:20,0
ESP32-01,18.524554649678123,73.85352176880815,2026-09-22 08:09:00,0
ESP32-01,18.523641308944867,73.86286001354136,2026-09-22 13:01:20,0
ESP32-01,18.521811204957462,73.85544576666223,2026-09-22 08:02:10,0
ESP32-01,18.523859050307315,73.8527782840992,2026-09-22 08:07:20,0
ESP32-01,18.514622991498012,73.85789849630724,2026-09-22 08:38:40,0
ESP32-01,18.489980216358678,73.77449083330315,2026-09-20 13:26:10,0
ESP32-01,18.51635161005278,73.8490354480872,2026-09-20 08:13:00,0
ESP32-01,18.515940381488196,73.85645345517503,2026-09-22 08:36:10,0
ESP32-01,18.502466935818433,73.88035497558691,2026-09-21 13:08:10,0
ESP32-01,18.508710252084907,73.85853211846066,2026-09-20 17:28:20,0
ESP32-01,18.52426646096305,73.86499205740104,2026-09-22 13:01:50,0
ESP32-01,18.51427719538642,73.85221312222036,2026-09-20 17:16:10,0
ESP32-01,18.52483581806369,73.8530999151342,2026-09-22 17:08:10,0
ESP32-01,18.504838057594643,73.84985026753716,2026-09-20 08:31:00,0
ESP32-01,18.530291808271773,73.85199887387061,2026-09-22 17:16:30,0
ESP32-01,18.50521727888665,73.91485162391764,2026-09-21 13:16:10,0
ESP32-01,18.52521432621284,73.85386211362014,2026-09-22 08:10:00,0
ESP32-01,18.524728202638517,73.85701557608874,2026-09-22 08:22:20,0
ESP32-01,18.5168650941319,73.85563558799024,2026-09-22 08:34:10,0
ESP32-01,18.490566999898554,73.93171174069852,2026-09-21 13:21:50,0
ESP32-01,18.519462529744544,73.85715190490153,2026-09-22 08:30:00,0
ESP32-01,18.49409707795781,73.93793784713026,2026-09-21 13:23:30,0
ESP32-01,18.50794850037036,73.94950842988555,2026-09-21 13:28:10,0
ESP32-01,18.523636822030806,73.8544068725669,2026-09-21 17:05:50,0
ESP32-01,18.5233165791334,73.85416434464283,2026-09-22 17:05:10,0
ESP32-01,18.513324249195847,73.86601890758152,2026-09-21 08:44:40,0
ESP32-01,18.524752766647822,73.86546502044519,2026-09-22 13:02:00,0
ESP32-01,,73.85510133763589,2026-09-20 17:08:10,0
ESP32-01,18.513180460246218,73.86234577167222,2026-09-21 08:26:00,0
ESP32-01,18.52137155769311,73.85644731571864,2026-09-22 17:01:20,0
ESP32-01,18.52034791249004,73.8568234616163,2026-09-21 08:00:00,0
ESP32-01,18.52324587846392,73.85422595234816,2026-09-22 17:05:00,0
ESP32-01,18.52422290032172,73.85661697443469,2026-09-22 08:23:10,0
ESP32-01,18.52819665927305,73.86315548432292,2026-09-21 17:22:40,0
ESP32-01,18.53507129511856,73.84948549758342,2026-09-22 17:24:20,0
ESP32-01,18.57833321137707,73.85843903142349,2026-09-22 13:18:10,0
ESP32-01,18.488036089089398,73.76888599678685,2026-09-20 13:27:40,0
ESP32-01,18.453201612793496,73.76835190504161,2026-09-20 13:36:40,0
ESP32-01,18.499278493488756,73.85076064741605,2026-09-20 08:39:20,0
ESP32-01,18.561626289787768,73.9147336307483,2026-09-22 13:33:50,0
ESP32-01,18.531773665325034,73.85089649133359,2026-09-22 17:19:10,0
ESP32-01,18.513126564058208,73.85934446805749,2026-09-22 08:41:30,0
ESP32-01,18.521164994435434,73.8559268106885,2026-09-22 08:01:10,0
ESP32-01,18.517294365104362,73.84937013714539,2026-09-20 08:11:30,0
ESP32-01,18.51828908924773,73.85655285235148,2026-09-22 08:32:00,0
ESP32-01,18.51195253092529,73.85895650192693,2026-09-21 08:19:40,0
ESP32-01,18.54346190142735,73.93762614308986,2026-09-21 13:37:20,0
ESP32-01,18.519901592867626,73.85518158772368,2026-09-20 08:01:50,0
ESP32-01,,73.84677018618547,2026-09-20 08:24:00,0
ESP32-01,18.512711851470435,73.86186743181483,2026-09-21 08:37:50,0
ESP32-01,18.521611371677636,73.85588384191767,2026-09-22 08:26:50,0
ESP32-01,18.526434915609,73.85431190169072,2026-09-22 08:11:50,0
ESP32-01,18.511449019265825,73.85504050111896,2026-09-20 17:21:30,0
ESP32-01,18.50606848429485,73.84974382957878,2026-09-20 08:29:20,0
ESP32-01,18.511077907818056,73.87478120352058,2026-09-21 13:05:40,0
ESP32-01,18.485708280074597,73.76726032289974,2026-09-20 13:28:20,0
ESP32-01,18.557618588577252,73.90515293574606,2026-09-22 13:31:20,0
ESP32-01,18.520202421335526,73.8581360577933,2026-09-20 17:01:50,0
ESP32-01,18.501108466757756,73.92133837566709,2026-09-21 13:18:00,0
ESP32-01,,73.78900726706077,2026-09-20 13:21:20,0
ESP32-01,18.548496658711937,73.86174232233115,2026-09-22 13:10:20,0
ESP32-01,18.50580964445437,73.87932023518546,2026-09-21 13:07:20,0
ESP32-01,18.52538640843008,73.85398243097407,2026-09-21 17:09:10,0
ESP32-01,18.523690176322745,73.85453315452077,2026-09-21 17:05:40,0
ESP32-01,18.525849511822294,73.86649144433329,2026-09-22 13:02:20,0
ESP32-01,18.50909513054675,73.84675985276786,2026-09-20 08:23:50,0
ESP32-01,18.515319632703008,73.85756556978922,2026-09-21 08:10:30,0
ESP32-01,18.52028620893088,73.8579243032366,2026-09-20 17:01:30,0
ESP32-01,18.515089176207862,73.85718131690392,2026-09-21 08:11:10,0
ESP32-01,18.527731359533714,73.86145653234983,2026-09-21 17:20:20,0
ESP32-01,18.511655762447173,73.86030711765626,2026-09-21 08:22:00,0
ESP32-01,18.574280186611926,73.87506934357434,2026-09-22 13:23:20,0
ESP32-01,18.490142212931648,73.7736492049471,2026-09-20 13:26:20,1
ESP32-01,18.513728845990006,73.85254364155132,2026-09-20 17:17:00,0
ESP32-01,18.525610117831853,73.85768757908406,2026-09-22 08:20:50,0
ESP32-01,18.579064460986693,73.87260059386344,2026-09-22 13:22:10,0
ESP32-01,18.500358152369834,73.89770575073672,2026-09-21 13:12:00,0
ESP32-01,18.507789621756242,73.84785410471565,2026-09-20 08:26:00,0
ESP32-01,18.51863968934104,73.85757691533635,2026-09-20 17:04:50,0
ESP32-01,18.52291607101306,73.8558992007381,2026-09-22 08:25:00,0
ESP32-01,18.52697727132925,73.85516147115885,2026-09-22 08:13:20,0
ESP32-01,18.525778002493922,73.8583353354606,2026-09-21 17:15:00,0
ESP32-01,18.56046991541149,73.91284707610222,2026-09-22 13:33:20,0
ESP32-01,18.473126524558115,73.77306701846857,2026-09-20 13:31:50,0
ESP32-01,18.51742562437227,73.85306616005082,2026-09-20 17:11:00,0
ESP32-01,18.52821869692469,73.86605489445924,2026-09-21 17:27:00,0
ESP32-01,18.497242470471548,73.85073123618295,2026-09-20 08:42:30,0
ESP32-01,18.51322793364744,73.8645431933843,2026-09-21 13:03:10,0
ESP32-01,18.544229559716843,73.93782799570775,2026-09-21 13:37:30,0
ESP32-01,18.50433946641553,73.87969149038031,2026-09-21 13:07:40,0
ESP32-01,18.524016470028116,73.85639587784542,2026-09-22 08:23:30,0
ESP32-01,18.540138656438444,73.87359564567333,2026-09-22 13:06:30,0
ESP32-01,18.51827490195776,73.85497454492068,2026-09-20 17:08:20,0
ESP32-01,18.502408040478834,73.84945530846159,2026-09-20 08:34:40,0
ESP32-01,18.51270776533555,73.86093203635676,2026-09-21 08:36:40,0
ESP32-01,18.526974135427615,73.86041822825005,2026-09-21 17:18:30,0
ESP32-01,18.520393809005498,73.85646813321456,2026-09-20 08:00:10,0
ESP32-01,18.52809506644556,73.8663972576081,2026-09-21 17:27:30,0
ESP32-01,18.495584283507892,73.85035176304949,2026-09-20 08:44:50,0
ESP32-01,18.495884641429168,73.8505276935973,2026-09-20 08:44:10,0
ESP32-01,18.51273314479709,73.86150481098888,2026-09-21 08:37:20,0
ESP32-01,18.499833536774137,73.85022107429735,2026-09-20 08:38:20,0
ESP32-01,18.512872908719377,73.85944036335216,2026-09-22 08:41:50,0
ESP32-01,18.521837862093655,73.85575254916215,2026-09-22 17:02:20,0
ESP32-01,18.50149196746575,73.94851277600021,2026-09-21 13:26:30,0
ESP32-01,18.518827281363553,73.84996451220654,2026-09-20 08:09:20,0
ESP32-01,18.514714034833638,73.86084303216535,2026-09-21 08:29:00,0
ESP32-01,18.5028395079546,73.9207778831842,2026-09-21 13:17:40,0
ESP32-01,18.51491841241713,73.85967786302845,2026-09-21 08:30:30,0
ESP32-01,18.513569156818214,73.85594879233406,2026-09-21 08:14:00,0
ESP32-01,,73.78900726706077,2026-09-20 13:21:20,0
ESP32-01,18.530564782734636,73.85171177907596,2026-09-22 17:17:00,0
ESP32-01,18.521736777735732,73.85854238398683,2026-09-22 13:00:20,0
ESP32-01,18.51930552044309,73.85113818887075,2026-09-20 08:07:30,0
ESP32-01,18.507268471216676,73.84840468377723,2026-09-20 08:26:50,0
ESP32-01,18.511182352293442,73.87243133325259,2026-09-21 13:05:10,0
ESP32-01,18.517212604031855,73.8598458565486,2026-09-21 08:06:10,0
ESP32-01,18.512245852848427,73.854188849526,2026-09-20 17:19:50,0
ESP32-01,18.528906269397556,73.84599005165187,2026-09-20 13:03:00,0
ESP32-01,18.51454135115398,73.85798175678535,2026-09-22 08:38:50,0
ESP32-01,,73.91623983354685,2026-09-21 13:16:30,0
ESP32-01,18.52351533061902,73.85376603875758,2026-09-22 17:05:50,0
ESP32-01,18.49742254356745,73.78791430202335,2026-09-20 13:21:40,0
ESP32-01,18.525541789850585,73.85258497596465,2026-09-22 17:09:40,0
ESP32-01,18.51747233498192,73.85318934104393,2026-09-20 17:10:50,0
ESP32-01,18.51353134502355,73.86199678342892,2026-09-21 08:26:40,0
ESP32-01,18.528276406467587,73.86351898830752,2026-09-21 17:23:10,0
ESP32-01,18.53612278702883,73.84763073961764,2026-09-22 17:27:20,0
ESP32-01,18.512693597153927,73.86110536819942,2026-09-21 08:36:50,0
ESP32-01,18.525272999316996,73.85386060016552,2026-09-21 17:09:00,0
ESP32-01,18.557230060284745,73.90129110724367,2026-09-22 13:30:30,0
ESP32-01,18.553485102277637,73.85580266359881,2026-09-22 13:12:00,0
ESP32-01,18.52970470635014,73.8520991549673,2026-09-22 17:15:40,0
ESP32-01,18.56202993471594,73.8538712931582,2026-09-22 13:14:10,1
ESP32-01,18.51247306878677,73.86369133979147,2026-09-21 08:40:20,0
ESP32-01,18.521612995539353,73.85615452064634,2026-09-22 17:01:50,0
ESP32-01,18.49359064830697,73.93727606916022,2026-09-21 13:23:20,0
ESP32-01,18.53545077910124,73.84803314093574,2026-09-22 17:26:20,0
ESP32-01,18.523390139829807,73.86210413490679,2026-09-22 13:01:10,0
ESP32-01,18.521246270280944,73.85652759526698,2026-09-21 17:01:10,0
ESP32-01,18.49811970103992,73.85088910348074,2026-09-20 08:41:10,0
ESP32-01,18.558259048300247,73.90864514873549,2026-09-22 13:32:10,0
ESP32-01,18.559638316596534,73.91155197498104,2026-09-22 13:33:00,0
ESP32-01,18.462833489468764,73.7706140324524,2026-09-20 13:34:20,0
ESP32-01,18.521448302960334,73.85634557120655,2026-09-22 17:01:30,0
ESP32-01,18.54320993737078,73.87305924681897,2026-09-22 13:07:20,1
ESP32-01,18.515446737184366,73.84905818754427,2026-09-20 08:14:10,0
ESP32-01,18.466808971848426,73.7722205961911,2026-09-20 13:33:10,0
ESP32-01,18.500460286923058,73.85018588592467,2026-09-20 08:37:30,0
ESP32-01,18.522466722321376,73.85487637447201,2026-09-22 17:03:40,0
ESP32-01,18.513569156818214,73.85594879233406,2026-09-21 08:14:00,0
ESP32-01,18.519741566911865,73.82022744526951,2026-09-20 13:10:10,0
ESP32-01,18.49956339536197,73.850473469344,2026-09-20 08:38:50,0
ESP32-01,18.516410967743703,73.85243784271418,2026-09-20 17:13:00,0
ESP32-01,18.46373332722967,73.77079258070222,2026-09-20 13:34:10,0
ESP32-01,18.526031909228212,73.85747582954617,2026-09-21 17:14:00,0
ESP32-01,18.53527123532519,73.84916460328562,2026-09-22 17:24:50,0
ESP32-01,18.515085958057153,73.8520304102534,2026-09-20 17:14:50,0
ESP32-01,18.530626323039904,73.85156610656195,2026-09-22 17:17:10,0
ESP32-01,18.487736602164084,73.77864620117296,2026-09-20 13:25:10,0
ESP32-01,18.54793027853186,73.86223485837378,2026-09-22 13:10:10,0
ESP32-01,18.50535471972347,73.84992271249308,2026-09-20 08:30:20,0
ESP32-01,18.511893913264835,73.8705232369357,2026-09-21 13:04:40,0
ESP32-01,18.508602536800517,73.87797949539298,2026-09-21 13:06:40,0
ESP32-01,18.51224159547268,73.86037982669878,2026-09-22 08:43:30,0
ESP32-01,18.528364515266983,73.86534695532384,2026-09-21 17:26:00,0
ESP32-01,18.52698867645219,73.85543636724188,2026-09-22 08:13:40,0
ESP32-01,18.51918722336234,73.8507248351873,2026-09-20 08:08:10,0
ESP32-01,18.535368400254832,73.84820319918377,2026-09-22 17:26:00,0
ESP32-01,18.500749026814745,73.89529323127124,2026-09-21 13:11:30,0
ESP32-01,18.51949058285889,73.85843001388652,2026-09-20 17:03:10,0
ESP32-01,18.52559891594954,73.85425357333057,2026-09-21 17:09:40,0
ESP32-01,18.45589395702096,73.76889898137539,2026-09-20 13:36:00,0
ESP32-01,18.512055595871157,73.84702944124828,2026-09-20 08:20:00,0
ESP32-01,18.448081539615803,73.76674551152426,2026-09-20 13:37:50,0
ESP32-01,18.52214087794666,73.85528755051102,2026-09-22 17:03:00,0
ESP32-01,18.511692337607908,73.86066273163193,2026-09-22 08:44:20,0
ESP32-01,18.513269703482298,73.84811660479731,2026-09-20 08:17:40,0
ESP32-01,18.483889539379938,73.76699063868857,2026-09-20 13:28:50,0
ESP32-01,18.526173413404877,73.85232953705555,2026-09-22 17:10:40,0
ESP32-01,18.52494295073567,73.85720828080889,2026-09-22 08:22:00,0
ESP32-01,18.51074115251239,73.85552367400871,2026-09-20 17:22:40,0
ESP32-01,18.501293973522007,73.89986329581524,2026-09-21 13:12:40,0
ESP32-01,18.58029991955219,73.8591207139029,2026-09-22 13:18:40,0
ESP32-01,18.51732225734465,73.85992845263992,2026-09-21 08:06:00,0
ESP32-01,18.504466625141127,73.84951821078029,2026-09-20 08:31:40,0
ESP32-01,18.575415941006103,73.87424053929234,2026-09-22 13:23:00,0
ESP32-01,18.562665769770604,73.91696462809547,2026-09-22 13:34:20,0
ESP32-01,18.526322699841124,73.84942416491634,2026-09-20 13:02:00,0
ESP32-01,18.518866328017797,73.85315824808028,2026-09-20 08:04:50,0
ESP32-01,18.50667857703521,73.84911418701306,2026-09-20 08:28:10,0
ESP32-01,18.50797375479155,73.87864299044939,2026-09-21 13:06:50,0
ESP32-01,18.52099624297806,73.85668351487047,2026-09-21 17:00:40,0
ESP32-01,18.513779084090743,73.84852995460629,2026-09-20 08:16:40,0
ESP32-01,18.503673831337196,73.84930800209763,2026-09-20 08:32:50,0
ESP32-01,18.449313096267883,73.76764544757734,2026-09-20 13:37:30,0
ESP32-01,18.534189986352423,73.85020551227386,2026-09-22 17:22:40,0
ESP32-01,18.56952087642285,73.85363746951795,2026-09-22 13:15:50,0
ESP32-01,18.510682006093212,73.85560428364785,2026-09-20 17:22:50,0
ESP32-01,18.51226985165338,73.86987182575203,2026-09-21 13:04:30,0
ESP32-01,18.51927940012776,73.85125642546555,2026-09-20 08:07:20,0
ESP32-01,18.53141496897554,73.93559052514728,2026-09-21 13:34:30,0
ESP32-01,18.51896147156128,73.85899063320515,2026-09-21 08:03:20,0
ESP32-01,18.51065573653211,73.80247394856336,2026-09-20 13:17:10,0
ESP32-01,18.50890751462072,73.8585309684125,2026-09-20 17:28:00,0
ESP32-01,18.517998345160144,73.85426700751621,2026-09-20 17:09:20,0
ESP32-01,18.530509015357012,73.86950806509725,2026-09-22 13:03:40,0
ESP32-01,18.564041071770582,73.89601934178849,2026-09-22 13:28:30,0
ESP32-01,18.51328930337617,73.86226911214494,2026-09-21 08:26:10,0
ESP32-01,18.47411522797593,73.77309916830035,2026-09-20 13:31:40,0
ESP32-01,18.524137389470862,73.85330557102866,2026-09-22 17:07:00,0
ESP32-01,18.522957786958692,73.93693058559249,2026-09-21 13:32:30,0
ESP32-01,18.51919368683587,73.85188797173778,2026-09-20 08:06:30,0
ESP32-01,18.513497004753983,73.86024840126389,2026-09-21 13:02:10,0
ESP32-01,18.577063968067097,73.87372372399973,2026-09-22 13:22:40,0
ESP32-01,18.526193601850398,73.85838609191285,2026-09-22 08:19:40,0
ESP32-01,18.55710632628534,73.90290068362128,2026-09-22 13:30:50,0
ESP32-01,18.558159319662703,73.90674470337896,2026-09-22 13:31:40,0
ESP32-01,18.512184984939193,73.86051820674506,2026-09-21 08:22:50,0
ESP32-01,18.524379135818524,73.85311225397344,2026-09-22 17:07:30,0
ESP32-01,18.53538898178157,73.84846186454031,2026-09-22 17:25:40,0
ESP32-01,18.526364536049233,73.83184214366678,2026-09-20 13:06:30,0
ESP32-01,18.524164344968977,73.85291866956267,2026-09-20 13:01:00,0
ESP32-01,18.51178671784802,73.85492100887755,2026-09-20 17:21:00,0
ESP32-01,18.510741031286845,73.85635955151209,2026-09-20 17:24:00,0
ESP32-01,18.51262105515574,73.85325014208982,2026-09-20 17:18:40,0
ESP32-01,0.0,0.0,2026-09-22 13:34:50,0
ESP32-01,18.512861192085555,73.86238130140762,2026-09-21 08:25:40,0
ESP32-01,18.500607631500472,73.79182421274406,2026-09-20 13:20:30,0
ESP32-01,18.522027787355633,73.80962763625656,2026-09-20 13:13:10,0
ESP32-01,18.512489861315622,73.8562947320893,2026-09-21 08:15:40,0
ESP32-01,18.519308726547393,73.85095581898479,2026-09-20 08:07:50,0
ESP32-01,18.529024132098385,73.85226761034282,2026-09-22 17:14:40,0
ESP32-01,18.5225620331097,73.86078016338223,2026-09-22 13:00:50,0
ESP32-01,18.537813382133184,73.84686347481781,2026-09-22 17:29:50,0
ESP32-01,18.496955295758845,73.7865043677717,2026-09-20 13:22:00,0
ESP32-01,18.495698967724202,73.94208881601001,2026-09-21 13:24:30,0
ESP32-01,18.52247470395853,73.93743111933615,2026-09-21 13:32:20,0
ESP32-01,18.525130499313466,73.8537778971775,2026-09-22 08:09:50,0
ESP32-01,18.5181769317832,73.85588247281679,2026-09-20 17:07:10,0
ESP32-01,18.53124320856965,73.85079834666922,2026-09-22 17:18:30,0
ESP32-01,18.511612233186664,73.87108868914186,2026-09-21 13:04:50,0
ESP32-01,18.562362145955927,73.92412345104404,2026-09-22 13:35:50,0
ESP32-01,18.526859667353516,73.86036606568594,2026-09-21 17:18:20,0
ESP32-01,18.519022881689956,73.85261993777688,2026-09-20 08:05:30,0
ESP32-01,18.51229931637831,73.85662555092048,2026-09-21 08:16:10,0
ESP32-01,18.50406644487352,73.90419019298739,2026-09-21 13:13:50,0
ESP32-01,18.45916375192545,73.76986377350694,2026-09-20 13:35:10,0
ESP32-01,18.523983729382206,73.853534317533,2026-09-21 17:07:10,0
ESP32-01,18.512522555413124,73.86356264341951,2026-09-21 08:40:10,0
ESP32-01,18.5376372049095,73.87237278052436,2026-09-22 13:05:50,0
ESP32-01,0.0,0.0,2026-09-21 17:08:00,0
ESP32-01,18.514927922630136,73.85710292818341,2026-09-21 08:11:30,0
ESP32-01,18.514565696525246,73.8491558666382,2026-09-20 08:15:20,0
ESP32-01,18.536989645168216,73.93593999242297,2026-09-21 13:35:50,0
ESP32-01,18.522816906152826,73.85306738633253,2026-09-22 08:05:50,0
ESP32-01,18.528401067578567,73.86367717199305,2026-09-21 17:23:30,0
ESP32-01,18.526842168352086,73.85668954092861,2026-09-22 08:15:20,0
ESP32-01,18.514922692542257,73.85737440171418,2026-09-22 08:37:50,0
ESP32-01,18.514324366666454,73.85689568777829,2026-09-21 08:12:20,0
ESP32-01,18.527404088008367,73.86719835883481,2026-09-21 17:28:50,0
ESP32-01,18.525885328972734,73.852469617389,2026-09-22 17:10:10,0
ESP32-01,,73.85450513166337,2026-09-22 13:13:00,0
ESP32-01,18.496956299466266,73.85069743350148,2026-09-20 08:42:50,0
ESP32-01,18.512068232213107,73.86498831265952,2026-09-21 08:42:20,0
ESP32-01,18.522726645824328,73.8559035009726,2026-09-21 17:03:10,0
ESP32-01,18.52661172790053,73.93507155253923,2026-09-21 13:33:30,0
ESP32-01,18.51376799268389,73.85605647964512,2026-09-21 08:13:40,0
ESP32-01,18.527239621605926,73.85843271154224,2026-09-22 08:17:40,0
ESP32-01,,73.8304218569148,2026-09-20 13:07:00,0
ESP32-01,18.529087265234235,73.84482835839904,2026-09-20 13:03:20,0
ESP32-01,18.51441091827609,73.85694060734981,2026-09-21 08:12:10,0
ESP32-01,18.505228193987687,73.84995790129712,2026-09-20 08:30:30,0
ESP32-01,18.537860938305588,73.93573621875373,2026-09-21 13:36:00,0
ESP32-01,18.528656380440804,73.86459538900694,2026-09-21 17:24:50,0
ESP32-01,18.49312747867197,73.93679056852984,2026-09-21 13:23:10,0
ESP32-01,18.501124482085324,73.79316639285976,2026-09-20 13:20:10,0
ESP32-01,,73.85429771305516,2026-09-22 17:04:50,0
ESP32-01,18.526882464191296,73.8547107976926,2026-09-22 08:12:40,0
ESP32-01,18.490512956490534,73.9325776782973,2026-09-21 13:22:00,0
ESP32-01,18.53372061835574,73.85045088556527,2026-09-22 17:22:00,0
ESP32-01,18.51273920283319,73.86008970974173,2026-09-21 08:35:40,0
ESP32-01,18.515360918634418,73.80291361843769,2026-09-20 13:16:00,0
ESP32-01,18.521272918614347,73.81208634243517,2026-09-20 13:12:30,0
ESP32-01,18.527473252048086,73.86708398056915,2026-09-21 17:28:40,0
ESP32-01,18.51243307204703,73.86023815312865,2026-09-22 08:43:10,0
ESP32-01,18.51265157197254,73.8620827514877,2026-09-21 08:38:10,0
ESP32-01,18.502075764403337,73.84947286295065,2026-09-20 08:35:10,0
ESP32-01,18.515348946270247,73.85708081268304,2026-09-22 08:37:10,0
ESP32-01,18.518723116718814,73.85784605175978,2026-09-20 17:04:30,0
ESP32-01,18.522819122989684,73.85583276104964,2026-09-21 17:03:20,0
ESP32-01,18.50621224172746,73.84968972573928,2026-09-20 08:29:10,0
